15 Minutes,Lane 1 Flow (Veh/15 Minutes),direction
1/10/2006 00:00,121,SW
1/10/2006 00:15,92,SW
1/10/2006 00:30,85,SW
1/10/2006 00:45,97,SW
1/10/2006 01:00,87,SW
1/10/2006 01:15,100,SW
1/10/2006 01:30,86,SW
1/10/2006 01:45,77,SW
1/10/2006 02:00,74,SW
1/10/2006 02:15,65,SW
1/10/2006 02:30,69,SW
1/10/2006 02:45,63,SW
1/10/2006 03:00,49,SW
1/10/2006 03:15,60,SW
1/10/2006 03:30,58,SW
1/10/2006 03:45,67,SW
1/10/2006 04:00,72,SW
1/10/2006 04:15,46,SW
1/10/2006 04:30,50,SW
1/10/2006 04:45,47,SW
1/10/2006 05:00,38,SW
1/10/2006 05:15,46,SW
1/10/2006 05:30,35,SW
1/10/2006 05:45,43,SW
1/10/2006 06:00,34,SW
1/10/2006 06:15,34,SW
1/10/2006 06:30,30,SW
1/10/2006 06:45,37,SW
1/10/2006 07:00,25,SW
1/10/2006 07:15,43,SW
1/10/2006 07:30,44,SW
1/10/2006 07:45,43,SW
1/10/2006 08:00,54,SW
1/10/2006 08:15,50,SW
1/10/2006 08:30,60,SW
1/10/2006 08:45,67,SW
1/10/2006 09:00,83,SW
1/10/2006 09:15,89,SW
1/10/2006 09:30,81,SW
1/10/2006 09:45,87,SW
1/10/2006 10:00,103,SW
1/10/2006 10:15,126,SW
1/10/2006 10:30,133,SW
1/10/2006 10:45,127,SW
1/10/2006 11:00,115,SW
1/10/2006 11:15,170,SW
1/10/2006 11:30,200,SW
1/10/2006 11:45,172,SW
1/10/2006 12:00,173,SW
1/10/2006 12:15,178,SW
1/10/2006 12:30,164,SW
1/10/2006 12:45,177,SW
1/10/2006 13:00,172,SW
1/10/2006 13:15,141,SW
1/10/2006 13:30,185,SW
1/10/2006 13:45,185,SW
1/10/2006 14:00,192,SW
1/10/2006 14:15,172,SW
1/10/2006 14:30,181,SW
1/10/2006 14:45,167,SW
1/10/2006 15:00,168,SW
1/10/2006 15:15,176,SW
1/10/2006 15:30,186,SW
1/10/2006 15:45,188,SW
1/10/2006 16:00,172,SW
1/10/2006 16:15,182,SW
1/10/2006 16:30,197,SW
1/10/2006 16:45,204,SW
1/10/2006 17:00,207,SW
1/10/2006 17:15,209,SW
1/10/2006 17:30,191,SW
1/10/2006 17:45,212,SW
1/10/2006 18:00,156,SW
1/10/2006 18:15,157,SW
1/10/2006 18:30,164,SW
1/10/2006 18:45,132,SW
1/10/2006 19:00,109,SW
1/10/2006 19:15,121,SW
1/10/2006 19:30,158,SW
1/10/2006 19:45,111,SW
1/10/2006 20:00,102,SW
1/10/2006 20:15,82,SW
1/10/2006 20:30,97,SW
1/10/2006 20:45,85,SW
1/10/2006 21:00,112,SW
1/10/2006 21:15,106,SW
1/10/2006 21:30,101,SW
1/10/2006 21:45,82,SW
1/10/2006 22:00,78,SW
1/10/2006 22:15,90,SW
1/10/2006 22:30,78,SW
1/10/2006 22:45,68,SW
1/10/2006 23:00,52,SW
1/10/2006 23:15,51,SW
1/10/2006 23:30,49,SW
1/10/2006 23:45,48,SW
2/10/2006 00:00,38,SW
2/10/2006 00:15,34,SW
2/10/2006 00:30,30,SW
2/10/2006 00:45,28,SW
2/10/2006 01:00,20,SW
2/10/2006 01:15,18,SW
2/10/2006 01:30,16,SW
2/10/2006 01:45,16,SW
2/10/2006 02:00,14,SW
2/10/2006 02:15,18,SW
2/10/2006 02:30,15,SW
2/10/2006 02:45,9,SW
2/10/2006 03:00,11,SW
2/10/2006 03:15,10,SW
2/10/2006 03:30,10,SW
2/10/2006 03:45,8,SW
2/10/2006 04:00,7,SW
2/10/2006 04:15,12,SW
2/10/2006 04:30,14,SW
2/10/2006 04:45,17,SW
2/10/2006 05:00,16,SW
2/10/2006 05:15,14,SW
2/10/2006 05:30,25,SW
2/10/2006 05:45,22,SW
2/10/2006 06:00,27,SW
2/10/2006 06:15,46,SW
2/10/2006 06:30,51,SW
2/10/2006 06:45,75,SW
2/10/2006 07:00,90,SW
2/10/2006 07:15,115,SW
2/10/2006 07:30,136,SW
2/10/2006 07:45,187,SW
2/10/2006 08:00,191,SW
2/10/2006 08:15,199,SW
2/10/2006 08:30,184,SW
2/10/2006 08:45,157,SW
2/10/2006 09:00,127,SW
2/10/2006 09:15,143,SW
2/10/2006 09:30,151,SW
2/10/2006 09:45,115,SW
2/10/2006 10:00,141,SW
2/10/2006 10:15,116,SW
2/10/2006 10:30,152,SW
2/10/2006 10:45,124,SW
2/10/2006 11:00,162,SW
2/10/2006 11:15,116,SW
2/10/2006 11:30,169,SW
2/10/2006 11:45,126,SW
2/10/2006 12:00,166,SW
2/10/2006 12:15,174,SW
2/10/2006 12:30,174,SW
2/10/2006 12:45,184,SW
2/10/2006 13:00,184,SW
2/10/2006 13:15,166,SW
2/10/2006 13:30,189,SW
2/10/2006 13:45,172,SW
2/10/2006 14:00,174,SW
2/10/2006 14:15,176,SW
2/10/2006 14:30,161,SW
2/10/2006 14:45,223,SW
2/10/2006 15:00,208,SW
2/10/2006 15:15,231,SW
2/10/2006 15:30,192,SW
2/10/2006 15:45,176,SW
2/10/2006 16:00,244,SW
2/10/2006 16:15,230,SW
2/10/2006 16:30,263,SW
2/10/2006 16:45,277,SW
2/10/2006 17:00,335,SW
2/10/2006 17:15,384,SW
2/10/2006 17:30,360,SW
2/10/2006 17:45,386,SW
2/10/2006 18:00,356,SW
2/10/2006 18:15,342,SW
2/10/2006 18:30,261,SW
2/10/2006 18:45,261,SW
2/10/2006 19:00,179,SW
2/10/2006 19:15,183,SW
2/10/2006 19:30,160,SW
2/10/2006 19:45,144,SW
2/10/2006 20:00,136,SW
2/10/2006 20:15,135,SW
2/10/2006 20:30,136,SW
2/10/2006 20:45,107,SW
2/10/2006 21:00,112,SW
2/10/2006 21:15,115,SW
2/10/2006 21:30,101,SW
2/10/2006 21:45,98,SW
2/10/2006 22:00,98,SW
2/10/2006 22:15,74,SW
2/10/2006 22:30,82,SW
2/10/2006 22:45,71,SW
2/10/2006 23:00,61,SW
2/10/2006 23:15,58,SW
2/10/2006 23:30,56,SW
2/10/2006 23:45,38,SW
3/10/2006 00:00,24,SW
3/10/2006 00:15,35,SW
3/10/2006 00:30,29,SW
3/10/2006 00:45,15,SW
3/10/2006 01:00,14,SW
3/10/2006 01:15,13,SW
3/10/2006 01:30,16,SW
3/10/2006 01:45,15,SW
3/10/2006 02:00,10,SW
3/10/2006 02:15,10,SW
3/10/2006 02:30,13,SW
3/10/2006 02:45,8,SW
3/10/2006 03:00,10,SW
3/10/2006 03:15,13,SW
3/10/2006 03:30,9,SW
3/10/2006 03:45,13,SW
3/10/2006 04:00,3,SW
3/10/2006 04:15,7,SW
3/10/2006 04:30,9,SW
3/10/2006 04:45,19,SW
3/10/2006 05:00,21,SW
3/10/2006 05:15,15,SW
3/10/2006 05:30,16,SW
3/10/2006 05:45,24,SW
3/10/2006 06:00,35,SW
3/10/2006 06:15,43,SW
3/10/2006 06:30,70,SW
3/10/2006 06:45,77,SW
3/10/2006 07:00,87,SW
3/10/2006 07:15,129,SW
3/10/2006 07:30,137,SW
3/10/2006 07:45,177,SW
3/10/2006 08:00,174,SW
3/10/2006 08:15,192,SW
3/10/2006 08:30,191,SW
3/10/2006 08:45,182,SW
3/10/2006 09:00,129,SW
3/10/2006 09:15,132,SW
3/10/2006 09:30,138,SW
3/10/2006 09:45,144,SW
3/10/2006 10:00,128,SW
3/10/2006 10:15,143,SW
3/10/2006 10:30,162,SW
3/10/2006 10:45,160,SW
3/10/2006 11:00,138,SW
3/10/2006 11:15,146,SW
3/10/2006 11:30,166,SW
3/10/2006 11:45,179,SW
3/10/2006 12:00,164,SW
3/10/2006 12:15,189,SW
3/10/2006 12:30,161,SW
3/10/2006 12:45,175,SW
3/10/2006 13:00,185,SW
3/10/2006 13:15,152,SW
3/10/2006 13:30,158,SW
3/10/2006 13:45,175,SW
3/10/2006 14:00,193,SW
3/10/2006 14:15,266,SW
3/10/2006 14:30,195,SW
3/10/2006 14:45,224,SW
3/10/2006 15:00,228,SW
3/10/2006 15:15,242,SW
3/10/2006 15:30,193,SW
3/10/2006 15:45,220,SW
3/10/2006 16:00,221,SW
3/10/2006 16:15,218,SW
3/10/2006 16:30,296,SW
3/10/2006 16:45,278,SW
3/10/2006 17:00,314,SW
3/10/2006 17:15,368,SW
3/10/2006 17:30,392,SW
3/10/2006 17:45,366,SW
3/10/2006 18:00,336,SW
3/10/2006 18:15,350,SW
3/10/2006 18:30,265,SW
3/10/2006 18:45,288,SW
3/10/2006 19:00,219,SW
3/10/2006 19:15,228,SW
3/10/2006 19:30,190,SW
3/10/2006 19:45,137,SW
3/10/2006 20:00,164,SW
3/10/2006 20:15,135,SW
3/10/2006 20:30,146,SW
3/10/2006 20:45,132,SW
3/10/2006 21:00,152,SW
3/10/2006 21:15,138,SW
3/10/2006 21:30,137,SW
3/10/2006 21:45,121,SW
3/10/2006 22:00,116,SW
3/10/2006 22:15,122,SW
3/10/2006 22:30,119,SW
3/10/2006 22:45,70,SW
3/10/2006 23:00,87,SW
3/10/2006 23:15,82,SW
3/10/2006 23:30,70,SW
3/10/2006 23:45,60,SW
4/10/2006 00:00,51,SW
4/10/2006 00:15,41,SW
4/10/2006 00:30,37,SW
4/10/2006 00:45,34,SW
4/10/2006 01:00,21,SW
4/10/2006 01:15,27,SW
4/10/2006 01:30,20,SW
4/10/2006 01:45,14,SW
4/10/2006 02:00,21,SW
4/10/2006 02:15,14,SW
4/10/2006 02:30,15,SW
4/10/2006 02:45,11,SW
4/10/2006 03:00,10,SW
4/10/2006 03:15,11,SW
4/10/2006 03:30,8,SW
4/10/2006 03:45,10,SW
4/10/2006 04:00,16,SW
4/10/2006 04:15,9,SW
4/10/2006 04:30,8,SW
4/10/2006 04:45,13,SW
4/10/2006 05:00,10,SW
4/10/2006 05:15,20,SW
4/10/2006 05:30,16,SW
4/10/2006 05:45,34,SW
4/10/2006 06:00,39,SW
4/10/2006 06:15,47,SW
4/10/2006 06:30,78,SW
4/10/2006 06:45,84,SW
4/10/2006 07:00,106,SW
4/10/2006 07:15,116,SW
4/10/2006 07:30,136,SW
4/10/2006 07:45,155,SW
4/10/2006 08:00,184,SW
4/10/2006 08:15,186,SW
4/10/2006 08:30,171,SW
4/10/2006 08:45,184,SW
4/10/2006 09:00,146,SW
4/10/2006 09:15,140,SW
4/10/2006 09:30,166,SW
4/10/2006 09:45,123,SW
4/10/2006 10:00,115,SW
4/10/2006 10:15,131,SW
4/10/2006 10:30,145,SW
4/10/2006 10:45,148,SW
4/10/2006 11:00,163,SW
4/10/2006 11:15,163,SW
4/10/2006 11:30,162,SW
4/10/2006 11:45,173,SW
4/10/2006 12:00,161,SW
4/10/2006 12:15,168,SW
4/10/2006 12:30,166,SW
4/10/2006 12:45,168,SW
4/10/2006 13:00,184,SW
4/10/2006 13:15,169,SW
4/10/2006 13:30,178,SW
4/10/2006 13:45,191,SW
4/10/2006 14:00,178,SW
4/10/2006 14:15,162,SW
4/10/2006 14:30,182,SW
4/10/2006 14:45,187,SW
4/10/2006 15:00,241,SW
4/10/2006 15:15,225,SW
4/10/2006 15:30,227,SW
4/10/2006 15:45,211,SW
4/10/2006 16:00,236,SW
4/10/2006 16:15,251,SW
4/10/2006 16:30,285,SW
4/10/2006 16:45,274,SW
4/10/2006 17:00,334,SW
4/10/2006 17:15,357,SW
4/10/2006 17:30,348,SW
4/10/2006 17:45,384,SW
4/10/2006 18:00,351,SW
4/10/2006 18:15,326,SW
4/10/2006 18:30,246,SW
4/10/2006 18:45,145,SW
4/10/2006 19:00,234,SW
4/10/2006 19:15,192,SW
4/10/2006 19:30,194,SW
4/10/2006 19:45,67,SW
4/10/2006 20:00,158,SW
4/10/2006 20:15,156,SW
4/10/2006 20:30,168,SW
4/10/2006 20:45,163,SW
4/10/2006 21:00,137,SW
4/10/2006 21:15,165,SW
4/10/2006 21:30,139,SW
4/10/2006 21:45,137,SW
4/10/2006 22:00,153,SW
4/10/2006 22:15,123,SW
4/10/2006 22:30,136,SW
4/10/2006 22:45,104,SW
4/10/2006 23:00,117,SW
4/10/2006 23:15,93,SW
4/10/2006 23:30,74,SW
4/10/2006 23:45,56,SW
5/10/2006 00:00,60,SW
5/10/2006 00:15,36,SW
5/10/2006 00:30,41,SW
5/10/2006 00:45,43,SW
5/10/2006 01:00,31,SW
5/10/2006 01:15,20,SW
5/10/2006 01:30,21,SW
5/10/2006 01:45,16,SW
5/10/2006 02:00,18,SW
5/10/2006 02:15,22,SW
5/10/2006 02:30,17,SW
5/10/2006 02:45,8,SW
5/10/2006 03:00,15,SW
5/10/2006 03:15,13,SW
5/10/2006 03:30,11,SW
5/10/2006 03:45,15,SW
5/10/2006 04:00,12,SW
5/10/2006 04:15,7,SW
5/10/2006 04:30,12,SW
5/10/2006 04:45,15,SW
5/10/2006 05:00,12,SW
5/10/2006 05:15,18,SW
5/10/2006 05:30,17,SW
5/10/2006 05:45,35,SW
5/10/2006 06:00,42,SW
5/10/2006 06:15,41,SW
5/10/2006 06:30,61,SW
5/10/2006 06:45,82,SW
5/10/2006 07:00,104,SW
5/10/2006 07:15,120,SW
5/10/2006 07:30,130,SW
5/10/2006 07:45,158,SW
5/10/2006 08:00,162,SW
5/10/2006 08:15,197,SW
5/10/2006 08:30,207,SW
5/10/2006 08:45,186,SW
5/10/2006 09:00,134,SW
5/10/2006 09:15,144,SW
5/10/2006 09:30,77,SW
5/10/2006 09:45,135,SW
5/10/2006 10:00,139,SW
5/10/2006 10:15,131,SW
5/10/2006 10:30,165,SW
5/10/2006 10:45,148,SW
5/10/2006 11:00,157,SW
5/10/2006 11:15,145,SW
5/10/2006 11:30,138,SW
5/10/2006 11:45,153,SW
5/10/2006 12:00,173,SW
5/10/2006 12:15,176,SW
5/10/2006 12:30,168,SW
5/10/2006 12:45,155,SW
5/10/2006 13:00,188,SW
5/10/2006 13:15,181,SW
5/10/2006 13:30,200,SW
5/10/2006 13:45,175,SW
5/10/2006 14:00,197,SW
5/10/2006 14:15,184,SW
5/10/2006 14:30,217,SW
5/10/2006 14:45,200,SW
5/10/2006 15:00,212,SW
5/10/2006 15:15,233,SW
5/10/2006 15:30,220,SW
5/10/2006 15:45,231,SW
5/10/2006 16:00,228,SW
5/10/2006 16:15,240,SW
5/10/2006 16:30,282,SW
5/10/2006 16:45,310,SW
5/10/2006 17:00,344,SW
5/10/2006 17:15,338,SW
5/10/2006 17:30,331,SW
5/10/2006 17:45,365,SW
5/10/2006 18:00,321,SW
5/10/2006 18:15,354,SW
5/10/2006 18:30,254,SW
5/10/2006 18:45,238,SW
5/10/2006 19:00,238,SW
5/10/2006 19:15,202,SW
5/10/2006 19:30,193,SW
5/10/2006 19:45,170,SW
5/10/2006 20:00,180,SW
5/10/2006 20:15,144,SW
5/10/2006 20:30,158,SW
5/10/2006 20:45,151,SW
5/10/2006 21:00,152,SW
5/10/2006 21:15,183,SW
5/10/2006 21:30,154,SW
5/10/2006 21:45,136,SW
5/10/2006 22:00,134,SW
5/10/2006 22:15,143,SW
5/10/2006 22:30,137,SW
5/10/2006 22:45,117,SW
5/10/2006 23:00,104,SW
5/10/2006 23:15,83,SW
5/10/2006 23:30,74,SW
5/10/2006 23:45,65,SW
6/10/2006 00:00,80,SW
6/10/2006 00:15,57,SW
6/10/2006 00:30,42,SW
6/10/2006 00:45,42,SW
6/10/2006 01:00,38,SW
6/10/2006 01:15,30,SW
6/10/2006 01:30,23,SW
6/10/2006 01:45,36,SW
6/10/2006 02:00,27,SW
6/10/2006 02:15,25,SW
6/10/2006 02:30,23,SW
6/10/2006 02:45,19,SW
6/10/2006 03:00,39,SW
6/10/2006 03:15,23,SW
6/10/2006 03:30,18,SW
6/10/2006 03:45,12,SW
6/10/2006 04:00,13,SW
6/10/2006 04:15,9,SW
6/10/2006 04:30,14,SW
6/10/2006 04:45,22,SW
6/10/2006 05:00,21,SW
6/10/2006 05:15,7,SW
6/10/2006 05:30,25,SW
6/10/2006 05:45,30,SW
6/10/2006 06:00,46,SW
6/10/2006 06:15,44,SW
6/10/2006 06:30,67,SW
6/10/2006 06:45,85,SW
6/10/2006 07:00,109,SW
6/10/2006 07:15,92,SW
6/10/2006 07:30,148,SW
6/10/2006 07:45,163,SW
6/10/2006 08:00,170,SW
6/10/2006 08:15,204,SW
6/10/2006 08:30,174,SW
6/10/2006 08:45,194,SW
6/10/2006 09:00,140,SW
6/10/2006 09:15,136,SW
6/10/2006 09:30,133,SW
6/10/2006 09:45,158,SW
6/10/2006 10:00,141,SW
6/10/2006 10:15,144,SW
6/10/2006 10:30,152,SW
6/10/2006 10:45,178,SW
6/10/2006 11:00,164,SW
6/10/2006 11:15,177,SW
6/10/2006 11:30,175,SW
6/10/2006 11:45,205,SW
6/10/2006 12:00,179,SW
6/10/2006 12:15,189,SW
6/10/2006 12:30,165,SW
6/10/2006 12:45,185,SW
6/10/2006 13:00,192,SW
6/10/2006 13:15,192,SW
6/10/2006 13:30,187,SW
6/10/2006 13:45,183,SW
6/10/2006 14:00,178,SW
6/10/2006 14:15,170,SW
6/10/2006 14:30,181,SW
6/10/2006 14:45,237,SW
6/10/2006 15:00,193,SW
6/10/2006 15:15,247,SW
6/10/2006 15:30,245,SW
6/10/2006 15:45,222,SW
6/10/2006 16:00,258,SW
6/10/2006 16:15,268,SW
6/10/2006 16:30,261,SW
6/10/2006 16:45,294,SW
6/10/2006 17:00,306,SW
6/10/2006 17:15,342,SW
6/10/2006 17:30,303,SW
6/10/2006 17:45,359,SW
6/10/2006 18:00,363,SW
6/10/2006 18:15,361,SW
6/10/2006 18:30,282,SW
6/10/2006 18:45,214,SW
6/10/2006 19:00,236,SW
6/10/2006 19:15,197,SW
6/10/2006 19:30,148,SW
6/10/2006 19:45,165,SW
6/10/2006 20:00,161,SW
6/10/2006 20:15,152,SW
6/10/2006 20:30,131,SW
6/10/2006 20:45,147,SW
6/10/2006 21:00,109,SW
6/10/2006 21:15,138,SW
6/10/2006 21:30,138,SW
6/10/2006 21:45,120,SW
6/10/2006 22:00,148,SW
6/10/2006 22:15,162,SW
6/10/2006 22:30,146,SW
6/10/2006 22:45,125,SW
6/10/2006 23:00,163,SW
6/10/2006 23:15,151,SW
6/10/2006 23:30,128,SW
6/10/2006 23:45,147,SW
7/10/2006 00:00,116,SW
7/10/2006 00:15,100,SW
7/10/2006 00:30,94,SW
7/10/2006 00:45,89,SW
7/10/2006 01:00,92,SW
7/10/2006 01:15,86,SW
7/10/2006 01:30,85,SW
7/10/2006 01:45,77,SW
7/10/2006 02:00,69,SW
7/10/2006 02:15,64,SW
7/10/2006 02:30,57,SW
7/10/2006 02:45,54,SW
7/10/2006 03:00,64,SW
7/10/2006 03:15,48,SW
7/10/2006 03:30,41,SW
7/10/2006 03:45,38,SW
7/10/2006 04:00,38,SW
7/10/2006 04:15,47,SW
7/10/2006 04:30,42,SW
7/10/2006 04:45,48,SW
7/10/2006 05:00,27,SW
7/10/2006 05:15,34,SW
7/10/2006 05:30,33,SW
7/10/2006 05:45,25,SW
7/10/2006 06:00,26,SW
7/10/2006 06:15,24,SW
7/10/2006 06:30,33,SW
7/10/2006 06:45,51,SW
7/10/2006 07:00,51,SW
7/10/2006 07:15,62,SW
7/10/2006 07:30,61,SW
7/10/2006 07:45,100,SW
7/10/2006 08:00,85,SW
7/10/2006 08:15,95,SW
7/10/2006 08:30,114,SW
7/10/2006 08:45,125,SW
7/10/2006 09:00,135,SW
7/10/2006 09:15,111,SW
7/10/2006 09:30,172,SW
7/10/2006 09:45,152,SW
7/10/2006 10:00,163,SW
7/10/2006 10:15,179,SW
7/10/2006 10:30,164,SW
7/10/2006 10:45,190,SW
7/10/2006 11:00,181,SW
7/10/2006 11:15,201,SW
7/10/2006 11:30,185,SW
7/10/2006 11:45,182,SW
7/10/2006 12:00,186,SW
7/10/2006 12:15,194,SW
7/10/2006 12:30,213,SW
7/10/2006 12:45,229,SW
7/10/2006 13:00,197,SW
7/10/2006 13:15,220,SW
7/10/2006 13:30,186,SW
7/10/2006 13:45,207,SW
7/10/2006 14:00,204,SW
7/10/2006 14:15,205,SW
7/10/2006 14:30,194,SW
7/10/2006 14:45,183,SW
7/10/2006 15:00,230,SW
7/10/2006 15:15,197,SW
7/10/2006 15:30,208,SW
7/10/2006 15:45,185,SW
7/10/2006 16:00,182,SW
7/10/2006 16:15,259,SW
7/10/2006 16:30,207,SW
7/10/2006 16:45,202,SW
7/10/2006 17:00,201,SW
7/10/2006 17:15,216,SW
7/10/2006 17:30,175,SW
7/10/2006 17:45,181,SW
7/10/2006 18:00,201,SW
7/10/2006 18:15,182,SW
7/10/2006 18:30,150,SW
7/10/2006 18:45,178,SW
7/10/2006 19:00,152,SW
7/10/2006 19:15,112,SW
7/10/2006 19:30,111,SW
7/10/2006 19:45,121,SW
7/10/2006 20:00,143,SW
7/10/2006 20:15,96,SW
7/10/2006 20:30,111,SW
7/10/2006 20:45,100,SW
7/10/2006 21:00,123,SW
7/10/2006 21:15,112,SW
7/10/2006 21:30,101,SW
7/10/2006 21:45,114,SW
7/10/2006 22:00,119,SW
7/10/2006 22:15,110,SW
7/10/2006 22:30,121,SW
7/10/2006 22:45,152,SW
7/10/2006 23:00,152,SW
7/10/2006 23:15,141,SW
7/10/2006 23:30,134,SW
7/10/2006 23:45,143,SW
8/10/2006 00:00,132,SW
8/10/2006 00:15,117,SW
8/10/2006 00:30,112,SW
8/10/2006 00:45,106,SW
8/10/2006 01:00,113,SW
8/10/2006 01:15,124,SW
8/10/2006 01:30,89,SW
8/10/2006 01:45,91,SW
8/10/2006 02:00,77,SW
8/10/2006 02:15,72,SW
8/10/2006 02:30,63,SW
8/10/2006 02:45,74,SW
8/10/2006 03:00,70,SW
8/10/2006 03:15,57,SW
8/10/2006 03:30,49,SW
8/10/2006 03:45,64,SW
8/10/2006 04:00,60,SW
8/10/2006 04:15,51,SW
8/10/2006 04:30,43,SW
8/10/2006 04:45,38,SW
8/10/2006 05:00,40,SW
8/10/2006 05:15,36,SW
8/10/2006 05:30,40,SW
8/10/2006 05:45,31,SW
8/10/2006 06:00,40,SW
8/10/2006 06:15,41,SW
8/10/2006 06:30,32,SW
8/10/2006 06:45,43,SW
8/10/2006 07:00,37,SW
8/10/2006 07:15,37,SW
8/10/2006 07:30,32,SW
8/10/2006 07:45,44,SW
8/10/2006 08:00,41,SW
8/10/2006 08:15,48,SW
8/10/2006 08:30,63,SW
8/10/2006 08:45,73,SW
8/10/2006 09:00,75,SW
8/10/2006 09:15,78,SW
8/10/2006 09:30,89,SW
8/10/2006 09:45,92,SW
8/10/2006 10:00,106,SW
8/10/2006 10:15,98,SW
8/10/2006 10:30,111,SW
8/10/2006 10:45,132,SW
8/10/2006 11:00,132,SW
8/10/2006 11:15,138,SW
8/10/2006 11:30,156,SW
8/10/2006 11:45,154,SW
8/10/2006 12:00,181,SW
8/10/2006 12:15,181,SW
8/10/2006 12:30,190,SW
8/10/2006 12:45,172,SW
8/10/2006 13:00,194,SW
8/10/2006 13:15,169,SW
8/10/2006 13:30,177,SW
8/10/2006 13:45,185,SW
8/10/2006 14:00,178,SW
8/10/2006 14:15,208,SW
8/10/2006 14:30,179,SW
8/10/2006 14:45,190,SW
8/10/2006 15:00,201,SW
8/10/2006 15:15,201,SW
8/10/2006 15:30,173,SW
8/10/2006 15:45,176,SW
8/10/2006 16:00,190,SW
8/10/2006 16:15,223,SW
8/10/2006 16:30,201,SW
8/10/2006 16:45,233,SW
8/10/2006 17:00,231,SW
8/10/2006 17:15,201,SW
8/10/2006 17:30,165,SW
8/10/2006 17:45,165,SW
8/10/2006 18:00,176,SW
8/10/2006 18:15,150,SW
8/10/2006 18:30,149,SW
8/10/2006 18:45,141,SW
8/10/2006 19:00,134,SW
8/10/2006 19:15,123,SW
8/10/2006 19:30,118,SW
8/10/2006 19:45,93,SW
8/10/2006 20:00,103,SW
8/10/2006 20:15,100,SW
8/10/2006 20:30,85,SW
8/10/2006 20:45,94,SW
8/10/2006 21:00,103,SW
8/10/2006 21:15,87,SW
8/10/2006 21:30,76,SW
8/10/2006 21:45,95,SW
8/10/2006 22:00,86,SW
8/10/2006 22:15,81,SW
8/10/2006 22:30,61,SW
8/10/2006 22:45,67,SW
8/10/2006 23:00,70,SW
8/10/2006 23:15,62,SW
8/10/2006 23:30,55,SW
8/10/2006 23:45,42,SW
9/10/2006 00:00,39,SW
9/10/2006 00:15,40,SW
9/10/2006 00:30,27,SW
9/10/2006 00:45,14,SW
9/10/2006 01:00,27,SW
9/10/2006 01:15,20,SW
9/10/2006 01:30,22,SW
9/10/2006 01:45,17,SW
9/10/2006 02:00,11,SW
9/10/2006 02:15,13,SW
9/10/2006 02:30,11,SW
9/10/2006 02:45,7,SW
9/10/2006 03:00,14,SW
9/10/2006 03:15,11,SW
9/10/2006 03:30,5,SW
9/10/2006 03:45,9,SW
9/10/2006 04:00,16,SW
9/10/2006 04:15,12,SW
9/10/2006 04:30,5,SW
9/10/2006 04:45,14,SW
9/10/2006 05:00,16,SW
9/10/2006 05:15,18,SW
9/10/2006 05:30,18,SW
9/10/2006 05:45,34,SW
9/10/2006 06:00,42,SW
9/10/2006 06:15,41,SW
9/10/2006 06:30,67,SW
9/10/2006 06:45,70,SW
9/10/2006 07:00,86,SW
9/10/2006 07:15,134,SW
9/10/2006 07:30,154,SW
9/10/2006 07:45,174,SW
9/10/2006 08:00,175,SW
9/10/2006 08:15,186,SW
9/10/2006 08:30,168,SW
9/10/2006 08:45,165,SW
9/10/2006 09:00,124,SW
9/10/2006 09:15,134,SW
9/10/2006 09:30,154,SW
9/10/2006 09:45,125,SW
9/10/2006 10:00,152,SW
9/10/2006 10:15,136,SW
9/10/2006 10:30,157,SW
9/10/2006 10:45,110,SW
9/10/2006 11:00,160,SW
9/10/2006 11:15,171,SW
9/10/2006 11:30,157,SW
9/10/2006 11:45,145,SW
9/10/2006 12:00,179,SW
9/10/2006 12:15,170,SW
9/10/2006 12:30,155,SW
9/10/2006 12:45,169,SW
9/10/2006 13:00,189,SW
9/10/2006 13:15,152,SW
9/10/2006 13:30,188,SW
9/10/2006 13:45,172,SW
9/10/2006 14:00,181,SW
9/10/2006 14:15,160,SW
9/10/2006 14:30,170,SW
9/10/2006 14:45,202,SW
9/10/2006 15:00,203,SW
9/10/2006 15:15,228,SW
9/10/2006 15:30,227,SW
9/10/2006 15:45,217,SW
9/10/2006 16:00,241,SW
9/10/2006 16:15,229,SW
9/10/2006 16:30,269,SW
9/10/2006 16:45,272,SW
9/10/2006 17:00,326,SW
9/10/2006 17:15,386,SW
9/10/2006 17:30,350,SW
9/10/2006 17:45,348,SW
9/10/2006 18:00,324,SW
9/10/2006 18:15,342,SW
9/10/2006 18:30,285,SW
9/10/2006 18:45,251,SW
9/10/2006 19:00,239,SW
9/10/2006 19:15,177,SW
9/10/2006 19:30,181,SW
9/10/2006 19:45,134,SW
9/10/2006 20:00,152,SW
9/10/2006 20:15,109,SW
9/10/2006 20:30,124,SW
9/10/2006 20:45,107,SW
9/10/2006 21:00,134,SW
9/10/2006 21:15,114,SW
9/10/2006 21:30,115,SW
9/10/2006 21:45,105,SW
9/10/2006 22:00,118,SW
9/10/2006 22:15,92,SW
9/10/2006 22:30,97,SW
9/10/2006 22:45,48,SW
9/10/2006 23:00,54,SW
9/10/2006 23:15,60,SW
9/10/2006 23:30,51,SW
9/10/2006 23:45,38,SW
10/10/2006 00:00,40,SW
10/10/2006 00:15,33,SW
10/10/2006 00:30,32,SW
10/10/2006 00:45,25,SW
10/10/2006 01:00,25,SW
10/10/2006 01:15,11,SW
10/10/2006 01:30,14,SW
10/10/2006 01:45,12,SW
10/10/2006 02:00,15,SW
10/10/2006 02:15,14,SW
10/10/2006 02:30,11,SW
10/10/2006 02:45,14,SW
10/10/2006 03:00,13,SW
10/10/2006 03:15,11,SW
10/10/2006 03:30,10,SW
10/10/2006 03:45,6,SW
10/10/2006 04:00,10,SW
10/10/2006 04:15,9,SW
10/10/2006 04:30,7,SW
10/10/2006 04:45,8,SW
10/10/2006 05:00,19,SW
10/10/2006 05:15,10,SW
10/10/2006 05:30,19,SW
10/10/2006 05:45,31,SW
10/10/2006 06:00,39,SW
10/10/2006 06:15,53,SW
10/10/2006 06:30,72,SW
10/10/2006 06:45,82,SW
10/10/2006 07:00,82,SW
10/10/2006 07:15,124,SW
10/10/2006 07:30,150,SW
10/10/2006 07:45,166,SW
10/10/2006 08:00,168,SW
10/10/2006 08:15,174,SW
10/10/2006 08:30,198,SW
10/10/2006 08:45,184,SW
10/10/2006 09:00,164,SW
10/10/2006 09:15,145,SW
10/10/2006 09:30,136,SW
10/10/2006 09:45,153,SW
10/10/2006 10:00,133,SW
10/10/2006 10:15,153,SW
10/10/2006 10:30,166,SW
10/10/2006 10:45,172,SW
10/10/2006 11:00,170,SW
10/10/2006 11:15,162,SW
10/10/2006 11:30,144,SW
10/10/2006 11:45,169,SW
10/10/2006 12:00,174,SW
10/10/2006 12:15,132,SW
10/10/2006 12:30,174,SW
10/10/2006 12:45,166,SW
10/10/2006 13:00,187,SW
10/10/2006 13:15,190,SW
10/10/2006 13:30,176,SW
10/10/2006 13:45,155,SW
10/10/2006 14:00,185,SW
10/10/2006 14:15,204,SW
10/10/2006 14:30,192,SW
10/10/2006 14:45,214,SW
10/10/2006 15:00,239,SW
10/10/2006 15:15,215,SW
10/10/2006 15:30,210,SW
10/10/2006 15:45,214,SW
10/10/2006 16:00,242,SW
10/10/2006 16:15,213,SW
10/10/2006 16:30,265,SW
10/10/2006 16:45,261,SW
10/10/2006 17:00,335,SW
10/10/2006 17:15,357,SW
10/10/2006 17:30,384,SW
10/10/2006 17:45,367,SW
10/10/2006 18:00,362,SW
10/10/2006 18:15,334,SW
10/10/2006 18:30,290,SW
10/10/2006 18:45,252,SW
10/10/2006 19:00,232,SW
10/10/2006 19:15,212,SW
10/10/2006 19:30,184,SW
10/10/2006 19:45,159,SW
10/10/2006 20:00,200,SW
10/10/2006 20:15,163,SW
10/10/2006 20:30,149,SW
10/10/2006 20:45,117,SW
10/10/2006 21:00,139,SW
10/10/2006 21:15,139,SW
10/10/2006 21:30,133,SW
10/10/2006 21:45,146,SW
10/10/2006 22:00,148,SW
10/10/2006 22:15,145,SW
10/10/2006 22:30,108,SW
10/10/2006 22:45,110,SW
10/10/2006 23:00,119,SW
10/10/2006 23:15,81,SW
10/10/2006 23:30,87,SW
10/10/2006 23:45,52,SW
11/10/2006 00:00,52,SW
11/10/2006 00:15,35,SW
11/10/2006 00:30,41,SW
11/10/2006 00:45,29,SW
11/10/2006 01:00,33,SW
11/10/2006 01:15,24,SW
11/10/2006 01:30,26,SW
11/10/2006 01:45,13,SW
11/10/2006 02:00,21,SW
11/10/2006 02:15,16,SW
11/10/2006 02:30,10,SW
11/10/2006 02:45,14,SW
11/10/2006 03:00,10,SW
11/10/2006 03:15,8,SW
11/10/2006 03:30,14,SW
11/10/2006 03:45,12,SW
11/10/2006 04:00,11,SW
11/10/2006 04:15,13,SW
11/10/2006 04:30,12,SW
11/10/2006 04:45,18,SW
11/10/2006 05:00,11,SW
11/10/2006 05:15,19,SW
11/10/2006 05:30,18,SW
11/10/2006 05:45,37,SW
11/10/2006 06:00,31,SW
11/10/2006 06:15,60,SW
11/10/2006 06:30,61,SW
11/10/2006 06:45,89,SW
11/10/2006 07:00,102,SW
11/10/2006 07:15,117,SW
11/10/2006 07:30,150,SW
11/10/2006 07:45,180,SW
11/10/2006 08:00,172,SW
11/10/2006 08:15,180,SW
11/10/2006 08:30,178,SW
11/10/2006 08:45,192,SW
11/10/2006 09:00,147,SW
11/10/2006 09:15,128,SW
11/10/2006 09:30,144,SW
11/10/2006 09:45,149,SW
11/10/2006 10:00,132,SW
11/10/2006 10:15,127,SW
11/10/2006 10:30,138,SW
11/10/2006 10:45,162,SW
11/10/2006 11:00,170,SW
11/10/2006 11:15,179,SW
11/10/2006 11:30,174,SW
11/10/2006 11:45,177,SW
11/10/2006 12:00,186,SW
11/10/2006 12:15,195,SW
11/10/2006 12:30,200,SW
11/10/2006 12:45,176,SW
11/10/2006 13:00,175,SW
11/10/2006 13:15,166,SW
11/10/2006 13:30,154,SW
11/10/2006 13:45,174,SW
11/10/2006 14:00,194,SW
11/10/2006 14:15,195,SW
11/10/2006 14:30,177,SW
11/10/2006 14:45,213,SW
11/10/2006 15:00,196,SW
11/10/2006 15:15,263,SW
11/10/2006 15:30,224,SW
11/10/2006 15:45,228,SW
11/10/2006 16:00,224,SW
11/10/2006 16:15,253,SW
11/10/2006 16:30,242,SW
11/10/2006 16:45,284,SW
11/10/2006 17:00,303,SW
11/10/2006 17:15,340,SW
11/10/2006 17:30,299,SW
11/10/2006 17:45,388,SW
11/10/2006 18:00,343,SW
11/10/2006 18:15,355,SW
11/10/2006 18:30,286,SW
11/10/2006 18:45,282,SW
11/10/2006 19:00,218,SW
11/10/2006 19:15,216,SW
11/10/2006 19:30,173,SW
11/10/2006 19:45,155,SW
11/10/2006 20:00,151,SW
11/10/2006 20:15,153,SW
11/10/2006 20:30,129,SW
11/10/2006 20:45,144,SW
11/10/2006 21:00,166,SW
11/10/2006 21:15,153,SW
11/10/2006 21:30,135,SW
11/10/2006 21:45,121,SW
11/10/2006 22:00,141,SW
11/10/2006 22:15,156,SW
11/10/2006 22:30,135,SW
11/10/2006 22:45,99,SW
11/10/2006 23:00,115,SW
11/10/2006 23:15,92,SW
11/10/2006 23:30,88,SW
11/10/2006 23:45,59,SW
12/10/2006 00:00,52,SW
12/10/2006 00:15,53,SW
12/10/2006 00:30,30,SW
12/10/2006 00:45,31,SW
12/10/2006 01:00,28,SW
12/10/2006 01:15,24,SW
12/10/2006 01:30,14,SW
12/10/2006 01:45,14,SW
12/10/2006 02:00,21,SW
12/10/2006 02:15,16,SW
12/10/2006 02:30,15,SW
12/10/2006 02:45,17,SW
12/10/2006 03:00,13,SW
12/10/2006 03:15,12,SW
12/10/2006 03:30,8,SW
12/10/2006 03:45,8,SW
12/10/2006 04:00,9,SW
12/10/2006 04:15,13,SW
12/10/2006 04:30,8,SW
12/10/2006 04:45,15,SW
12/10/2006 05:00,15,SW
12/10/2006 05:15,17,SW
12/10/2006 05:30,19,SW
12/10/2006 05:45,40,SW
12/10/2006 06:00,38,SW
12/10/2006 06:15,52,SW
12/10/2006 06:30,70,SW
12/10/2006 06:45,97,SW
12/10/2006 07:00,87,SW
12/10/2006 07:15,124,SW
12/10/2006 07:30,162,SW
12/10/2006 07:45,154,SW
12/10/2006 08:00,187,SW
12/10/2006 08:15,175,SW
12/10/2006 08:30,204,SW
12/10/2006 08:45,192,SW
12/10/2006 09:00,138,SW
12/10/2006 09:15,148,SW
12/10/2006 09:30,172,SW
12/10/2006 09:45,120,SW
12/10/2006 10:00,120,SW
12/10/2006 10:15,134,SW
12/10/2006 10:30,139,SW
12/10/2006 10:45,163,SW
12/10/2006 11:00,163,SW
12/10/2006 11:15,144,SW
12/10/2006 11:30,166,SW
12/10/2006 11:45,170,SW
12/10/2006 12:00,164,SW
12/10/2006 12:15,188,SW
12/10/2006 12:30,199,SW
12/10/2006 12:45,142,SW
12/10/2006 13:00,189,SW
12/10/2006 13:15,181,SW
12/10/2006 13:30,175,SW
12/10/2006 13:45,187,SW
12/10/2006 14:00,178,SW
12/10/2006 14:15,170,SW
12/10/2006 14:30,174,SW
12/10/2006 14:45,173,SW
12/10/2006 15:00,232,SW
12/10/2006 15:15,252,SW
12/10/2006 15:30,216,SW
12/10/2006 15:45,204,SW
12/10/2006 16:00,239,SW
12/10/2006 16:15,207,SW
12/10/2006 16:30,253,SW
12/10/2006 16:45,246,SW
12/10/2006 17:00,321,SW
12/10/2006 17:15,362,SW
12/10/2006 17:30,362,SW
12/10/2006 17:45,366,SW
12/10/2006 18:00,367,SW
12/10/2006 18:15,343,SW
12/10/2006 18:30,267,SW
12/10/2006 18:45,254,SW
12/10/2006 19:00,226,SW
12/10/2006 19:15,199,SW
12/10/2006 19:30,176,SW
12/10/2006 19:45,167,SW
12/10/2006 20:00,182,SW
12/10/2006 20:15,155,SW
12/10/2006 20:30,159,SW
12/10/2006 20:45,147,SW
12/10/2006 21:00,153,SW
12/10/2006 21:15,169,SW
12/10/2006 21:30,154,SW
12/10/2006 21:45,129,SW
12/10/2006 22:00,141,SW
12/10/2006 22:15,147,SW
12/10/2006 22:30,129,SW
12/10/2006 22:45,104,SW
12/10/2006 23:00,110,SW
12/10/2006 23:15,81,SW
12/10/2006 23:30,85,SW
12/10/2006 23:45,77,SW
13/10/2006 00:00,55,SW
13/10/2006 00:15,48,SW
13/10/2006 00:30,51,SW
13/10/2006 00:45,47,SW
13/10/2006 01:00,41,SW
13/10/2006 01:15,41,SW
13/10/2006 01:30,26,SW
13/10/2006 01:45,34,SW
13/10/2006 02:00,30,SW
13/10/2006 02:15,9,SW
13/10/2006 02:30,12,SW
13/10/2006 02:45,20,SW
13/10/2006 03:00,17,SW
13/10/2006 03:15,16,SW
13/10/2006 03:30,18,SW
13/10/2006 03:45,24,SW
13/10/2006 04:00,13,SW
13/10/2006 04:15,14,SW
13/10/2006 04:30,14,SW
13/10/2006 04:45,17,SW
13/10/2006 05:00,14,SW
13/10/2006 05:15,14,SW
13/10/2006 05:30,26,SW
13/10/2006 05:45,31,SW
13/10/2006 06:00,42,SW
13/10/2006 06:15,49,SW
13/10/2006 06:30,71,SW
13/10/2006 06:45,93,SW
13/10/2006 07:00,81,SW
13/10/2006 07:15,136,SW
13/10/2006 07:30,142,SW
13/10/2006 07:45,177,SW
13/10/2006 08:00,179,SW
13/10/2006 08:15,203,SW
13/10/2006 08:30,178,SW
13/10/2006 08:45,180,SW
13/10/2006 09:00,154,SW
13/10/2006 09:15,132,SW
13/10/2006 09:30,155,SW
13/10/2006 09:45,62,SW
13/10/2006 10:00,153,SW
13/10/2006 10:15,162,SW
13/10/2006 10:30,160,SW
13/10/2006 10:45,145,SW
13/10/2006 11:00,152,SW
13/10/2006 11:15,182,SW
13/10/2006 11:30,166,SW
13/10/2006 11:45,172,SW
13/10/2006 12:00,163,SW
13/10/2006 12:15,175,SW
13/10/2006 12:30,191,SW
13/10/2006 12:45,183,SW
13/10/2006 13:00,166,SW
13/10/2006 13:15,183,SW
13/10/2006 13:30,188,SW
13/10/2006 13:45,165,SW
13/10/2006 14:00,210,SW
13/10/2006 14:15,183,SW
13/10/2006 14:30,177,SW
13/10/2006 14:45,192,SW
13/10/2006 15:00,210,SW
13/10/2006 15:15,209,SW
13/10/2006 15:30,244,SW
13/10/2006 15:45,222,SW
13/10/2006 16:00,233,SW
13/10/2006 16:15,237,SW
13/10/2006 16:30,270,SW
13/10/2006 16:45,262,SW
13/10/2006 17:00,305,SW
13/10/2006 17:15,357,SW
13/10/2006 17:30,323,SW
13/10/2006 17:45,378,SW
13/10/2006 18:00,336,SW
13/10/2006 18:15,313,SW
13/10/2006 18:30,294,SW
13/10/2006 18:45,217,SW
13/10/2006 19:00,207,SW
13/10/2006 19:15,184,SW
13/10/2006 19:30,174,SW
13/10/2006 19:45,158,SW
13/10/2006 20:00,150,SW
13/10/2006 20:15,151,SW
13/10/2006 20:30,125,SW
13/10/2006 20:45,134,SW
13/10/2006 21:00,123,SW
13/10/2006 21:15,129,SW
13/10/2006 21:30,130,SW
13/10/2006 21:45,116,SW
13/10/2006 22:00,115,SW
13/10/2006 22:15,147,SW
13/10/2006 22:30,126,SW
13/10/2006 22:45,146,SW
13/10/2006 23:00,139,SW
13/10/2006 23:15,138,SW
13/10/2006 23:30,121,SW
13/10/2006 23:45,138,SW
14/10/2006 00:00,123,SW
14/10/2006 00:15,118,SW
14/10/2006 00:30,105,SW
14/10/2006 00:45,106,SW
14/10/2006 01:00,119,SW
14/10/2006 01:15,94,SW
14/10/2006 01:30,81,SW
14/10/2006 01:45,66,SW
14/10/2006 02:00,60,SW
14/10/2006 02:15,52,SW
14/10/2006 02:30,62,SW
14/10/2006 02:45,49,SW
14/10/2006 03:00,45,SW
14/10/2006 03:15,48,SW
14/10/2006 03:30,48,SW
14/10/2006 03:45,35,SW
14/10/2006 04:00,38,SW
14/10/2006 04:15,40,SW
14/10/2006 04:30,28,SW
14/10/2006 04:45,39,SW
14/10/2006 05:00,28,SW
14/10/2006 05:15,27,SW
14/10/2006 05:30,35,SW
14/10/2006 05:45,42,SW
14/10/2006 06:00,25,SW
14/10/2006 06:15,26,SW
14/10/2006 06:30,45,SW
14/10/2006 06:45,52,SW
14/10/2006 07:00,76,SW
14/10/2006 07:15,66,SW
14/10/2006 07:30,55,SW
14/10/2006 07:45,97,SW
14/10/2006 08:00,85,SW
14/10/2006 08:15,106,SW
14/10/2006 08:30,99,SW
14/10/2006 08:45,116,SW
14/10/2006 09:00,136,SW
14/10/2006 09:15,149,SW
14/10/2006 09:30,159,SW
14/10/2006 09:45,168,SW
14/10/2006 10:00,152,SW
14/10/2006 10:15,180,SW
14/10/2006 10:30,176,SW
14/10/2006 10:45,207,SW
14/10/2006 11:00,176,SW
14/10/2006 11:15,202,SW
14/10/2006 11:30,215,SW
14/10/2006 11:45,203,SW
14/10/2006 12:00,226,SW
14/10/2006 12:15,201,SW
14/10/2006 12:30,207,SW
14/10/2006 12:45,238,SW
14/10/2006 13:00,191,SW
14/10/2006 13:15,199,SW
14/10/2006 13:30,215,SW
14/10/2006 13:45,197,SW
14/10/2006 14:00,184,SW
14/10/2006 14:15,201,SW
14/10/2006 14:30,198,SW
14/10/2006 14:45,188,SW
14/10/2006 15:00,224,SW
14/10/2006 15:15,189,SW
14/10/2006 15:30,189,SW
14/10/2006 15:45,209,SW
14/10/2006 16:00,204,SW
14/10/2006 16:15,217,SW
14/10/2006 16:30,203,SW
14/10/2006 16:45,217,SW
14/10/2006 17:00,212,SW
14/10/2006 17:15,233,SW
14/10/2006 17:30,228,SW
14/10/2006 17:45,193,SW
14/10/2006 18:00,179,SW
14/10/2006 18:15,156,SW
14/10/2006 18:30,161,SW
14/10/2006 18:45,147,SW
14/10/2006 19:00,150,SW
14/10/2006 19:15,130,SW
14/10/2006 19:30,122,SW
14/10/2006 19:45,97,SW
14/10/2006 20:00,111,SW
14/10/2006 20:15,117,SW
14/10/2006 20:30,92,SW
14/10/2006 20:45,105,SW
14/10/2006 21:00,109,SW
14/10/2006 21:15,88,SW
14/10/2006 21:30,87,SW
14/10/2006 21:45,78,SW
14/10/2006 22:00,109,SW
14/10/2006 22:15,109,SW
14/10/2006 22:30,119,SW
14/10/2006 22:45,139,SW
14/10/2006 23:00,116,SW
14/10/2006 23:15,131,SW
14/10/2006 23:30,118,SW
14/10/2006 23:45,147,SW
15/10/2006 00:00,123,SW
15/10/2006 00:15,116,SW
15/10/2006 00:30,112,SW
15/10/2006 00:45,115,SW
15/10/2006 01:00,93,SW
15/10/2006 01:15,97,SW
15/10/2006 01:30,75,SW
15/10/2006 01:45,77,SW
15/10/2006 02:00,104,SW
15/10/2006 02:15,78,SW
15/10/2006 02:30,69,SW
15/10/2006 02:45,73,SW
15/10/2006 03:00,71,SW
15/10/2006 03:15,60,SW
15/10/2006 03:30,50,SW
15/10/2006 03:45,47,SW
15/10/2006 04:00,58,SW
15/10/2006 04:15,55,SW
15/10/2006 04:30,52,SW
15/10/2006 04:45,39,SW
15/10/2006 05:00,39,SW
15/10/2006 05:15,42,SW
15/10/2006 05:30,49,SW
15/10/2006 05:45,38,SW
15/10/2006 06:00,42,SW
15/10/2006 06:15,37,SW
15/10/2006 06:30,36,SW
15/10/2006 06:45,38,SW
15/10/2006 07:00,36,SW
15/10/2006 07:15,37,SW
15/10/2006 07:30,38,SW
15/10/2006 07:45,40,SW
15/10/2006 08:00,40,SW
15/10/2006 08:15,54,SW
15/10/2006 08:30,36,SW
15/10/2006 08:45,78,SW
15/10/2006 09:00,65,SW
15/10/2006 09:15,85,SW
15/10/2006 09:30,81,SW
15/10/2006 09:45,100,SW
15/10/2006 10:00,107,SW
15/10/2006 10:15,105,SW
15/10/2006 10:30,114,SW
15/10/2006 10:45,122,SW
15/10/2006 11:00,148,SW
15/10/2006 11:15,145,SW
15/10/2006 11:30,166,SW
15/10/2006 11:45,154,SW
15/10/2006 12:00,171,SW
15/10/2006 12:15,168,SW
15/10/2006 12:30,204,SW
15/10/2006 12:45,181,SW
15/10/2006 13:00,193,SW
15/10/2006 13:15,174,SW
15/10/2006 13:30,174,SW
15/10/2006 13:45,177,SW
15/10/2006 14:00,170,SW
15/10/2006 14:15,192,SW
15/10/2006 14:30,176,SW
15/10/2006 14:45,169,SW
15/10/2006 15:00,198,SW
15/10/2006 15:15,210,SW
15/10/2006 15:30,216,SW
15/10/2006 15:45,209,SW
15/10/2006 16:00,185,SW
15/10/2006 16:15,176,SW
15/10/2006 16:30,217,SW
15/10/2006 16:45,192,SW
15/10/2006 17:00,207,SW
15/10/2006 17:15,214,SW
15/10/2006 17:30,184,SW
15/10/2006 17:45,177,SW
15/10/2006 18:00,190,SW
15/10/2006 18:15,153,SW
15/10/2006 18:30,134,SW
15/10/2006 18:45,120,SW
15/10/2006 19:00,121,SW
15/10/2006 19:15,136,SW
15/10/2006 19:30,143,SW
15/10/2006 19:45,126,SW
15/10/2006 20:00,89,SW
15/10/2006 20:15,99,SW
15/10/2006 20:30,97,SW
15/10/2006 20:45,90,SW
15/10/2006 21:00,86,SW
15/10/2006 21:15,91,SW
15/10/2006 21:30,87,SW
15/10/2006 21:45,101,SW
15/10/2006 22:00,90,SW
15/10/2006 22:15,79,SW
15/10/2006 22:30,72,SW
15/10/2006 22:45,69,SW
15/10/2006 23:00,64,SW
15/10/2006 23:15,73,SW
15/10/2006 23:30,55,SW
15/10/2006 23:45,43,SW
16/10/2006 00:00,50,SW
16/10/2006 00:15,27,SW
16/10/2006 00:30,25,SW
16/10/2006 00:45,30,SW
16/10/2006 01:00,29,SW
16/10/2006 01:15,20,SW
16/10/2006 01:30,20,SW
16/10/2006 01:45,15,SW
16/10/2006 02:00,19,SW
16/10/2006 02:15,7,SW
16/10/2006 02:30,16,SW
16/10/2006 02:45,5,SW
16/10/2006 03:00,6,SW
16/10/2006 03:15,14,SW
16/10/2006 03:30,8,SW
16/10/2006 03:45,17,SW
16/10/2006 04:00,16,SW
16/10/2006 04:15,6,SW
16/10/2006 04:30,12,SW
16/10/2006 04:45,14,SW
16/10/2006 05:00,21,SW
16/10/2006 05:15,19,SW
16/10/2006 05:30,23,SW
16/10/2006 05:45,37,SW
16/10/2006 06:00,39,SW
16/10/2006 06:15,42,SW
16/10/2006 06:30,67,SW
16/10/2006 06:45,84,SW
16/10/2006 07:00,97,SW
16/10/2006 07:15,126,SW
16/10/2006 07:30,146,SW
16/10/2006 07:45,156,SW
16/10/2006 08:00,176,SW
16/10/2006 08:15,202,SW
16/10/2006 08:30,187,SW
16/10/2006 08:45,165,SW
16/10/2006 09:00,129,SW
16/10/2006 09:15,148,SW
16/10/2006 09:30,134,SW
16/10/2006 09:45,153,SW
16/10/2006 10:00,137,SW
16/10/2006 10:15,119,SW
16/10/2006 10:30,152,SW
16/10/2006 10:45,124,SW
16/10/2006 11:00,148,SW
16/10/2006 11:15,163,SW
16/10/2006 11:30,126,SW
16/10/2006 11:45,167,SW
16/10/2006 12:00,158,SW
16/10/2006 12:15,160,SW
16/10/2006 12:30,184,SW
16/10/2006 12:45,153,SW
16/10/2006 13:00,163,SW
16/10/2006 13:15,182,SW
16/10/2006 13:30,176,SW
16/10/2006 13:45,167,SW
16/10/2006 14:00,191,SW
16/10/2006 14:15,177,SW
16/10/2006 14:30,200,SW
16/10/2006 14:45,162,SW
16/10/2006 15:00,238,SW
16/10/2006 15:15,204,SW
16/10/2006 15:30,209,SW
16/10/2006 15:45,261,SW
16/10/2006 16:00,218,SW
16/10/2006 16:15,215,SW
16/10/2006 16:30,276,SW
16/10/2006 16:45,289,SW
16/10/2006 17:00,339,SW
16/10/2006 17:15,341,SW
16/10/2006 17:30,378,SW
16/10/2006 17:45,371,SW
16/10/2006 18:00,343,SW
16/10/2006 18:15,342,SW
16/10/2006 18:30,297,SW
16/10/2006 18:45,224,SW
16/10/2006 19:00,210,SW
16/10/2006 19:15,198,SW
16/10/2006 19:30,170,SW
16/10/2006 19:45,160,SW
16/10/2006 20:00,130,SW
16/10/2006 20:15,133,SW
16/10/2006 20:30,99,SW
16/10/2006 20:45,132,SW
16/10/2006 21:00,122,SW
16/10/2006 21:15,88,SW
16/10/2006 21:30,113,SW
16/10/2006 21:45,110,SW
16/10/2006 22:00,92,SW
16/10/2006 22:15,106,SW
16/10/2006 22:30,96,SW
16/10/2006 22:45,67,SW
16/10/2006 23:00,63,SW
16/10/2006 23:15,62,SW
16/10/2006 23:30,55,SW
16/10/2006 23:45,57,SW
17/10/2006 00:00,55,SW
17/10/2006 00:15,44,SW
17/10/2006 00:30,30,SW
17/10/2006 00:45,32,SW
17/10/2006 01:00,24,SW
17/10/2006 01:15,19,SW
17/10/2006 01:30,21,SW
17/10/2006 01:45,13,SW
17/10/2006 02:00,12,SW
17/10/2006 02:15,11,SW
17/10/2006 02:30,12,SW
17/10/2006 02:45,10,SW
17/10/2006 03:00,14,SW
17/10/2006 03:15,12,SW
17/10/2006 03:30,8,SW
17/10/2006 03:45,9,SW
17/10/2006 04:00,13,SW
17/10/2006 04:15,13,SW
17/10/2006 04:30,6,SW
17/10/2006 04:45,17,SW
17/10/2006 05:00,18,SW
17/10/2006 05:15,12,SW
17/10/2006 05:30,17,SW
17/10/2006 05:45,27,SW
17/10/2006 06:00,50,SW
17/10/2006 06:15,50,SW
17/10/2006 06:30,75,SW
17/10/2006 06:45,98,SW
17/10/2006 07:00,101,SW
17/10/2006 07:15,127,SW
17/10/2006 07:30,151,SW
17/10/2006 07:45,181,SW
17/10/2006 08:00,191,SW
17/10/2006 08:15,195,SW
17/10/2006 08:30,188,SW
17/10/2006 08:45,186,SW
17/10/2006 09:00,130,SW
17/10/2006 09:15,139,SW
17/10/2006 09:30,143,SW
17/10/2006 09:45,141,SW
17/10/2006 10:00,132,SW
17/10/2006 10:15,151,SW
17/10/2006 10:30,161,SW
17/10/2006 10:45,160,SW
17/10/2006 11:00,144,SW
17/10/2006 11:15,165,SW
17/10/2006 11:30,162,SW
17/10/2006 11:45,157,SW
17/10/2006 12:00,168,SW
17/10/2006 12:15,171,SW
17/10/2006 12:30,185,SW
17/10/2006 12:45,166,SW
17/10/2006 13:00,181,SW
17/10/2006 13:15,156,SW
17/10/2006 13:30,165,SW
17/10/2006 13:45,178,SW
17/10/2006 14:00,162,SW
17/10/2006 14:15,188,SW
17/10/2006 14:30,150,SW
17/10/2006 14:45,204,SW
17/10/2006 15:00,222,SW
17/10/2006 15:15,218,SW
17/10/2006 15:30,226,SW
17/10/2006 15:45,216,SW
17/10/2006 16:00,220,SW
17/10/2006 16:15,202,SW
17/10/2006 16:30,286,SW
17/10/2006 16:45,272,SW
17/10/2006 17:00,300,SW
17/10/2006 17:15,329,SW
17/10/2006 17:30,342,SW
17/10/2006 17:45,398,SW
17/10/2006 18:00,336,SW
17/10/2006 18:15,377,SW
17/10/2006 18:30,307,SW
17/10/2006 18:45,262,SW
17/10/2006 19:00,233,SW
17/10/2006 19:15,212,SW
17/10/2006 19:30,166,SW
17/10/2006 19:45,153,SW
17/10/2006 20:00,168,SW
17/10/2006 20:15,147,SW
17/10/2006 20:30,109,SW
17/10/2006 20:45,103,SW
17/10/2006 21:00,159,SW
17/10/2006 21:15,166,SW
17/10/2006 21:30,148,SW
17/10/2006 21:45,176,SW
17/10/2006 22:00,111,SW
17/10/2006 22:15,134,SW
17/10/2006 22:30,112,SW
17/10/2006 22:45,103,SW
17/10/2006 23:00,91,SW
17/10/2006 23:15,78,SW
17/10/2006 23:30,102,SW
17/10/2006 23:45,60,SW
18/10/2006 00:00,55,SW
18/10/2006 00:15,42,SW
18/10/2006 00:30,37,SW
18/10/2006 00:45,31,SW
18/10/2006 01:00,36,SW
18/10/2006 01:15,28,SW
18/10/2006 01:30,22,SW
18/10/2006 01:45,15,SW
18/10/2006 02:00,13,SW
18/10/2006 02:15,12,SW
18/10/2006 02:30,14,SW
18/10/2006 02:45,7,SW
18/10/2006 03:00,12,SW
18/10/2006 03:15,14,SW
18/10/2006 03:30,16,SW
18/10/2006 03:45,10,SW
18/10/2006 04:00,13,SW
18/10/2006 04:15,10,SW
18/10/2006 04:30,13,SW
18/10/2006 04:45,20,SW
18/10/2006 05:00,18,SW
18/10/2006 05:15,16,SW
18/10/2006 05:30,14,SW
18/10/2006 05:45,29,SW
18/10/2006 06:00,32,SW
18/10/2006 06:15,50,SW
18/10/2006 06:30,77,SW
18/10/2006 06:45,95,SW
18/10/2006 07:00,113,SW
18/10/2006 07:15,116,SW
18/10/2006 07:30,137,SW
18/10/2006 07:45,175,SW
18/10/2006 08:00,168,SW
18/10/2006 08:15,190,SW
18/10/2006 08:30,201,SW
18/10/2006 08:45,176,SW
18/10/2006 09:00,135,SW
18/10/2006 09:15,138,SW
18/10/2006 09:30,153,SW
18/10/2006 09:45,152,SW
18/10/2006 10:00,142,SW
18/10/2006 10:15,122,SW
18/10/2006 10:30,145,SW
18/10/2006 10:45,171,SW
18/10/2006 11:00,147,SW
18/10/2006 11:15,156,SW
18/10/2006 11:30,153,SW
18/10/2006 11:45,170,SW
18/10/2006 12:00,168,SW
18/10/2006 12:15,157,SW
18/10/2006 12:30,171,SW
18/10/2006 12:45,157,SW
18/10/2006 13:00,169,SW
18/10/2006 13:15,176,SW
18/10/2006 13:30,170,SW
18/10/2006 13:45,202,SW
18/10/2006 14:00,185,SW
18/10/2006 14:15,206,SW
18/10/2006 14:30,183,SW
18/10/2006 14:45,180,SW
18/10/2006 15:00,226,SW
18/10/2006 15:15,221,SW
18/10/2006 15:30,224,SW
18/10/2006 15:45,193,SW
18/10/2006 16:00,241,SW
18/10/2006 16:15,226,SW
18/10/2006 16:30,289,SW
18/10/2006 16:45,290,SW
18/10/2006 17:00,340,SW
18/10/2006 17:15,319,SW
18/10/2006 17:30,342,SW
18/10/2006 17:45,419,SW
18/10/2006 18:00,346,SW
18/10/2006 18:15,345,SW
18/10/2006 18:30,271,SW
18/10/2006 18:45,253,SW
18/10/2006 19:00,228,SW
18/10/2006 19:15,208,SW
18/10/2006 19:30,184,SW
18/10/2006 19:45,168,SW
18/10/2006 20:00,146,SW
18/10/2006 20:15,180,SW
18/10/2006 20:30,170,SW
18/10/2006 20:45,151,SW
18/10/2006 21:00,130,SW
18/10/2006 21:15,143,SW
18/10/2006 21:30,148,SW
18/10/2006 21:45,129,SW
18/10/2006 22:00,139,SW
18/10/2006 22:15,139,SW
18/10/2006 22:30,135,SW
18/10/2006 22:45,95,SW
18/10/2006 23:00,97,SW
18/10/2006 23:15,95,SW
18/10/2006 23:30,83,SW
18/10/2006 23:45,69,SW
19/10/2006 00:00,62,SW
19/10/2006 00:15,45,SW
19/10/2006 00:30,46,SW
19/10/2006 00:45,39,SW
19/10/2006 01:00,33,SW
19/10/2006 01:15,20,SW
19/10/2006 01:30,18,SW
19/10/2006 01:45,18,SW
19/10/2006 02:00,15,SW
19/10/2006 02:15,20,SW
19/10/2006 02:30,15,SW
19/10/2006 02:45,14,SW
19/10/2006 03:00,19,SW
19/10/2006 03:15,12,SW
19/10/2006 03:30,16,SW
19/10/2006 03:45,11,SW
19/10/2006 04:00,12,SW
19/10/2006 04:15,12,SW
19/10/2006 04:30,17,SW
19/10/2006 04:45,11,SW
19/10/2006 05:00,15,SW
19/10/2006 05:15,18,SW
19/10/2006 05:30,21,SW
19/10/2006 05:45,25,SW
19/10/2006 06:00,41,SW
19/10/2006 06:15,60,SW
19/10/2006 06:30,65,SW
19/10/2006 06:45,92,SW
19/10/2006 07:00,120,SW
19/10/2006 07:15,130,SW
19/10/2006 07:30,164,SW
19/10/2006 07:45,140,SW
19/10/2006 08:00,178,SW
19/10/2006 08:15,186,SW
19/10/2006 08:30,200,SW
19/10/2006 08:45,177,SW
19/10/2006 09:00,163,SW
19/10/2006 09:15,153,SW
19/10/2006 09:30,139,SW
19/10/2006 09:45,131,SW
19/10/2006 10:00,167,SW
19/10/2006 10:15,144,SW
19/10/2006 10:30,160,SW
19/10/2006 10:45,143,SW
19/10/2006 11:00,162,SW
19/10/2006 11:15,147,SW
19/10/2006 11:30,192,SW
19/10/2006 11:45,183,SW
19/10/2006 12:00,185,SW
19/10/2006 12:15,177,SW
19/10/2006 12:30,178,SW
19/10/2006 12:45,183,SW
19/10/2006 13:00,169,SW
19/10/2006 13:15,186,SW
19/10/2006 13:30,145,SW
19/10/2006 13:45,163,SW
19/10/2006 14:00,163,SW
19/10/2006 14:15,184,SW
19/10/2006 14:30,188,SW
19/10/2006 14:45,202,SW
19/10/2006 15:00,214,SW
19/10/2006 15:15,235,SW
19/10/2006 15:30,203,SW
19/10/2006 15:45,237,SW
19/10/2006 16:00,259,SW
19/10/2006 16:15,293,SW
19/10/2006 16:30,238,SW
19/10/2006 16:45,303,SW
19/10/2006 17:00,299,SW
19/10/2006 17:15,388,SW
19/10/2006 17:30,343,SW
19/10/2006 17:45,360,SW
19/10/2006 18:00,345,SW
19/10/2006 18:15,339,SW
19/10/2006 18:30,270,SW
19/10/2006 18:45,269,SW
19/10/2006 19:00,229,SW
19/10/2006 19:15,201,SW
19/10/2006 19:30,175,SW
19/10/2006 19:45,182,SW
19/10/2006 20:00,159,SW
19/10/2006 20:15,152,SW
19/10/2006 20:30,159,SW
19/10/2006 20:45,138,SW
19/10/2006 21:00,153,SW
19/10/2006 21:15,139,SW
19/10/2006 21:30,167,SW
19/10/2006 21:45,151,SW
19/10/2006 22:00,150,SW
19/10/2006 22:15,163,SW
19/10/2006 22:30,113,SW
19/10/2006 22:45,112,SW
19/10/2006 23:00,119,SW
19/10/2006 23:15,98,SW
19/10/2006 23:30,79,SW
19/10/2006 23:45,77,SW
20/10/2006 00:00,58,SW
20/10/2006 00:15,69,SW
20/10/2006 00:30,43,SW
20/10/2006 00:45,46,SW
20/10/2006 01:00,58,SW
20/10/2006 01:15,34,SW
20/10/2006 01:30,26,SW
20/10/2006 01:45,30,SW
20/10/2006 02:00,27,SW
20/10/2006 02:15,27,SW
20/10/2006 02:30,20,SW
20/10/2006 02:45,24,SW
20/10/2006 03:00,23,SW
20/10/2006 03:15,13,SW
20/10/2006 03:30,16,SW
20/10/2006 03:45,15,SW
20/10/2006 04:00,13,SW
20/10/2006 04:15,9,SW
20/10/2006 04:30,20,SW
20/10/2006 04:45,16,SW
20/10/2006 05:00,24,SW
20/10/2006 05:15,21,SW
20/10/2006 05:30,23,SW
20/10/2006 05:45,28,SW
20/10/2006 06:00,34,SW
20/10/2006 06:15,62,SW
20/10/2006 06:30,73,SW
20/10/2006 06:45,85,SW
20/10/2006 07:00,103,SW
20/10/2006 07:15,97,SW
20/10/2006 07:30,138,SW
20/10/2006 07:45,159,SW
20/10/2006 08:00,192,SW
20/10/2006 08:15,187,SW
20/10/2006 08:30,194,SW
20/10/2006 08:45,191,SW
20/10/2006 09:00,134,SW
20/10/2006 09:15,147,SW
20/10/2006 09:30,133,SW
20/10/2006 09:45,157,SW
20/10/2006 10:00,132,SW
20/10/2006 10:15,136,SW
20/10/2006 10:30,138,SW
20/10/2006 10:45,180,SW
20/10/2006 11:00,169,SW
20/10/2006 11:15,160,SW
20/10/2006 11:30,160,SW
20/10/2006 11:45,204,SW
20/10/2006 12:00,185,SW
20/10/2006 12:15,171,SW
20/10/2006 12:30,210,SW
20/10/2006 12:45,186,SW
20/10/2006 13:00,166,SW
20/10/2006 13:15,212,SW
20/10/2006 13:30,187,SW
20/10/2006 13:45,160,SW
20/10/2006 14:00,188,SW
20/10/2006 14:15,196,SW
20/10/2006 14:30,182,SW
20/10/2006 14:45,192,SW
20/10/2006 15:00,220,SW
20/10/2006 15:15,252,SW
20/10/2006 15:30,239,SW
20/10/2006 15:45,244,SW
20/10/2006 16:00,241,SW
20/10/2006 16:15,242,SW
20/10/2006 16:30,306,SW
20/10/2006 16:45,298,SW
20/10/2006 17:00,340,SW
20/10/2006 17:15,348,SW
20/10/2006 17:30,356,SW
20/10/2006 17:45,352,SW
20/10/2006 18:00,351,SW
20/10/2006 18:15,277,SW
20/10/2006 18:30,242,SW
20/10/2006 18:45,206,SW
20/10/2006 19:00,208,SW
20/10/2006 19:15,203,SW
20/10/2006 19:30,180,SW
20/10/2006 19:45,155,SW
20/10/2006 20:00,156,SW
20/10/2006 20:15,150,SW
20/10/2006 20:30,128,SW
20/10/2006 20:45,130,SW
20/10/2006 21:00,138,SW
20/10/2006 21:15,128,SW
20/10/2006 21:30,123,SW
20/10/2006 21:45,135,SW
20/10/2006 22:00,135,SW
20/10/2006 22:15,111,SW
20/10/2006 22:30,128,SW
20/10/2006 22:45,129,SW
20/10/2006 23:00,119,SW
20/10/2006 23:15,138,SW
20/10/2006 23:30,135,SW
20/10/2006 23:45,145,SW
21/10/2006 00:00,110,SW
21/10/2006 00:15,98,SW
21/10/2006 00:30,95,SW
21/10/2006 00:45,94,SW
21/10/2006 01:00,82,SW
21/10/2006 01:15,84,SW
21/10/2006 01:30,78,SW
21/10/2006 01:45,47,SW
21/10/2006 02:00,56,SW
21/10/2006 02:15,49,SW
21/10/2006 02:30,46,SW
21/10/2006 02:45,56,SW
21/10/2006 03:00,37,SW
21/10/2006 03:15,39,SW
21/10/2006 03:30,40,SW
21/10/2006 03:45,32,SW
21/10/2006 04:00,34,SW
21/10/2006 04:15,28,SW
21/10/2006 04:30,29,SW
21/10/2006 04:45,31,SW
21/10/2006 05:00,30,SW
21/10/2006 05:15,33,SW
21/10/2006 05:30,32,SW
21/10/2006 05:45,32,SW
21/10/2006 06:00,24,SW
21/10/2006 06:15,28,SW
21/10/2006 06:30,44,SW
21/10/2006 06:45,44,SW
21/10/2006 07:00,62,SW
21/10/2006 07:15,65,SW
21/10/2006 07:30,67,SW
21/10/2006 07:45,85,SW
21/10/2006 08:00,80,SW
21/10/2006 08:15,96,SW
21/10/2006 08:30,97,SW
21/10/2006 08:45,119,SW
21/10/2006 09:00,133,SW
21/10/2006 09:15,122,SW
21/10/2006 09:30,151,SW
21/10/2006 09:45,170,SW
21/10/2006 10:00,164,SW
21/10/2006 10:15,155,SW
21/10/2006 10:30,169,SW
21/10/2006 10:45,174,SW
21/10/2006 11:00,196,SW
21/10/2006 11:15,190,SW
21/10/2006 11:30,186,SW
21/10/2006 11:45,203,SW
21/10/2006 12:00,223,SW
21/10/2006 12:15,212,SW
21/10/2006 12:30,215,SW
21/10/2006 12:45,191,SW
21/10/2006 13:00,211,SW
21/10/2006 13:15,188,SW
21/10/2006 13:30,220,SW
21/10/2006 13:45,209,SW
21/10/2006 14:00,213,SW
21/10/2006 14:15,190,SW
21/10/2006 14:30,176,SW
21/10/2006 14:45,199,SW
21/10/2006 15:00,206,SW
21/10/2006 15:15,210,SW
21/10/2006 15:30,185,SW
21/10/2006 15:45,181,SW
21/10/2006 16:00,199,SW
21/10/2006 16:15,197,SW
21/10/2006 16:30,189,SW
21/10/2006 16:45,210,SW
21/10/2006 17:00,196,SW
21/10/2006 17:15,228,SW
21/10/2006 17:30,198,SW
21/10/2006 17:45,193,SW
21/10/2006 18:00,179,SW
21/10/2006 18:15,174,SW
21/10/2006 18:30,167,SW
21/10/2006 18:45,153,SW
21/10/2006 19:00,164,SW
21/10/2006 19:15,103,SW
21/10/2006 19:30,144,SW
21/10/2006 19:45,106,SW
21/10/2006 20:00,94,SW
21/10/2006 20:15,100,SW
21/10/2006 20:30,125,SW
21/10/2006 20:45,97,SW
21/10/2006 21:00,130,SW
21/10/2006 21:15,88,SW
21/10/2006 21:30,101,SW
21/10/2006 21:45,124,SW
21/10/2006 22:00,120,SW
21/10/2006 22:15,97,SW
21/10/2006 22:30,136,SW
21/10/2006 22:45,155,SW
21/10/2006 23:00,176,SW
21/10/2006 23:15,181,SW
21/10/2006 23:30,141,SW
21/10/2006 23:45,135,SW
22/10/2006 00:00,110,SW
22/10/2006 00:15,110,SW
22/10/2006 00:30,117,SW
22/10/2006 00:45,106,SW
22/10/2006 01:00,85,SW
22/10/2006 01:15,95,SW
22/10/2006 01:30,79,SW
22/10/2006 01:45,82,SW
22/10/2006 02:00,57,SW
22/10/2006 02:15,75,SW
22/10/2006 02:30,77,SW
22/10/2006 02:45,75,SW
22/10/2006 03:00,61,SW
22/10/2006 03:15,63,SW
22/10/2006 03:30,48,SW
22/10/2006 03:45,61,SW
22/10/2006 04:00,45,SW
22/10/2006 04:15,56,SW
22/10/2006 04:30,45,SW
22/10/2006 04:45,36,SW
22/10/2006 05:00,52,SW
22/10/2006 05:15,34,SW
22/10/2006 05:30,32,SW
22/10/2006 05:45,32,SW
22/10/2006 06:00,46,SW
22/10/2006 06:15,28,SW
22/10/2006 06:30,41,SW
22/10/2006 06:45,31,SW
22/10/2006 07:00,33,SW
22/10/2006 07:15,34,SW
22/10/2006 07:30,34,SW
22/10/2006 07:45,50,SW
22/10/2006 08:00,46,SW
22/10/2006 08:15,33,SW
22/10/2006 08:30,68,SW
22/10/2006 08:45,66,SW
22/10/2006 09:00,74,SW
22/10/2006 09:15,75,SW
22/10/2006 09:30,80,SW
22/10/2006 09:45,107,SW
22/10/2006 10:00,108,SW
22/10/2006 10:15,125,SW
22/10/2006 10:30,115,SW
22/10/2006 10:45,114,SW
22/10/2006 11:00,133,SW
22/10/2006 11:15,145,SW
22/10/2006 11:30,157,SW
22/10/2006 11:45,168,SW
22/10/2006 12:00,180,SW
22/10/2006 12:15,167,SW
22/10/2006 12:30,180,SW
22/10/2006 12:45,171,SW
22/10/2006 13:00,186,SW
22/10/2006 13:15,176,SW
22/10/2006 13:30,175,SW
22/10/2006 13:45,157,SW
22/10/2006 14:00,177,SW
22/10/2006 14:15,173,SW
22/10/2006 14:30,171,SW
22/10/2006 14:45,182,SW
22/10/2006 15:00,175,SW
22/10/2006 15:15,179,SW
22/10/2006 15:30,160,SW
22/10/2006 15:45,188,SW
22/10/2006 16:00,202,SW
22/10/2006 16:15,200,SW
22/10/2006 16:30,208,SW
22/10/2006 16:45,196,SW
22/10/2006 17:00,205,SW
22/10/2006 17:15,236,SW
22/10/2006 17:30,201,SW
22/10/2006 17:45,181,SW
22/10/2006 18:00,184,SW
22/10/2006 18:15,183,SW
22/10/2006 18:30,125,SW
22/10/2006 18:45,135,SW
22/10/2006 19:00,146,SW
22/10/2006 19:15,118,SW
22/10/2006 19:30,110,SW
22/10/2006 19:45,120,SW
22/10/2006 20:00,90,SW
22/10/2006 20:15,119,SW
22/10/2006 20:30,108,SW
22/10/2006 20:45,95,SW
22/10/2006 21:00,105,SW
22/10/2006 21:15,96,SW
22/10/2006 21:30,90,SW
22/10/2006 21:45,103,SW
22/10/2006 22:00,103,SW
22/10/2006 22:15,90,SW
22/10/2006 22:30,80,SW
22/10/2006 22:45,59,SW
22/10/2006 23:00,59,SW
22/10/2006 23:15,61,SW
22/10/2006 23:30,41,SW
22/10/2006 23:45,51,SW
23/10/2006 00:00,61,SW
23/10/2006 00:15,45,SW
23/10/2006 00:30,32,SW
23/10/2006 00:45,28,SW
23/10/2006 01:00,32,SW
23/10/2006 01:15,18,SW
23/10/2006 01:30,14,SW
23/10/2006 01:45,18,SW
23/10/2006 02:00,8,SW
23/10/2006 02:15,17,SW
23/10/2006 02:30,9,SW
23/10/2006 02:45,9,SW
23/10/2006 03:00,11,SW
23/10/2006 03:15,8,SW
23/10/2006 03:30,11,SW
23/10/2006 03:45,12,SW
23/10/2006 04:00,14,SW
23/10/2006 04:15,10,SW
23/10/2006 04:30,9,SW
23/10/2006 04:45,7,SW
23/10/2006 05:00,16,SW
23/10/2006 05:15,16,SW
23/10/2006 05:30,16,SW
23/10/2006 05:45,33,SW
23/10/2006 06:00,33,SW
23/10/2006 06:15,50,SW
23/10/2006 06:30,71,SW
23/10/2006 06:45,82,SW
23/10/2006 07:00,92,SW
23/10/2006 07:15,114,SW
23/10/2006 07:30,123,SW
23/10/2006 07:45,163,SW
23/10/2006 08:00,187,SW
23/10/2006 08:15,202,SW
23/10/2006 08:30,180,SW
23/10/2006 08:45,184,SW
23/10/2006 09:00,134,SW
23/10/2006 09:15,115,SW
23/10/2006 09:30,141,SW
23/10/2006 09:45,152,SW
23/10/2006 10:00,129,SW
23/10/2006 10:15,135,SW
23/10/2006 10:30,135,SW
23/10/2006 10:45,130,SW
23/10/2006 11:00,152,SW
23/10/2006 11:15,142,SW
23/10/2006 11:30,169,SW
23/10/2006 11:45,150,SW
23/10/2006 12:00,176,SW
23/10/2006 12:15,185,SW
23/10/2006 12:30,155,SW
23/10/2006 12:45,169,SW
23/10/2006 13:00,185,SW
23/10/2006 13:15,155,SW
23/10/2006 13:30,162,SW
23/10/2006 13:45,164,SW
23/10/2006 14:00,175,SW
23/10/2006 14:15,180,SW
23/10/2006 14:30,156,SW
23/10/2006 14:45,184,SW
23/10/2006 15:00,203,SW
23/10/2006 15:15,213,SW
23/10/2006 15:30,251,SW
23/10/2006 15:45,230,SW
23/10/2006 16:00,257,SW
23/10/2006 16:15,243,SW
23/10/2006 16:30,280,SW
23/10/2006 16:45,263,SW
23/10/2006 17:00,306,SW
23/10/2006 17:15,353,SW
23/10/2006 17:30,340,SW
23/10/2006 17:45,390,SW
23/10/2006 18:00,360,SW
23/10/2006 18:15,315,SW
23/10/2006 18:30,285,SW
23/10/2006 18:45,261,SW
23/10/2006 19:00,210,SW
23/10/2006 19:15,183,SW
23/10/2006 19:30,162,SW
23/10/2006 19:45,136,SW
23/10/2006 20:00,135,SW
23/10/2006 20:15,143,SW
23/10/2006 20:30,126,SW
23/10/2006 20:45,115,SW
23/10/2006 21:00,128,SW
23/10/2006 21:15,124,SW
23/10/2006 21:30,116,SW
23/10/2006 21:45,86,SW
23/10/2006 22:00,104,SW
23/10/2006 22:15,93,SW
23/10/2006 22:30,96,SW
23/10/2006 22:45,66,SW
23/10/2006 23:00,61,SW
23/10/2006 23:15,72,SW
23/10/2006 23:30,41,SW
23/10/2006 23:45,30,SW
29/10/2006 00:00,141,SW
29/10/2006 00:15,124,SW
29/10/2006 00:30,115,SW
29/10/2006 00:45,127,SW
29/10/2006 01:00,82,SW
29/10/2006 01:15,116,SW
29/10/2006 01:30,94,SW
29/10/2006 01:45,79,SW
29/10/2006 02:00,75,SW
29/10/2006 02:15,73,SW
29/10/2006 02:30,69,SW
29/10/2006 02:45,92,SW
29/10/2006 03:00,77,SW
29/10/2006 03:15,67,SW
29/10/2006 03:30,87,SW
29/10/2006 03:45,63,SW
29/10/2006 04:00,64,SW
29/10/2006 04:15,60,SW
29/10/2006 04:30,45,SW
29/10/2006 04:45,64,SW
29/10/2006 05:00,39,SW
29/10/2006 05:15,46,SW
29/10/2006 05:30,46,SW
29/10/2006 05:45,41,SW
29/10/2006 06:00,32,SW
29/10/2006 06:15,40,SW
29/10/2006 06:30,35,SW
29/10/2006 06:45,37,SW
29/10/2006 07:00,38,SW
29/10/2006 07:15,32,SW
29/10/2006 07:30,39,SW
29/10/2006 07:45,41,SW
29/10/2006 08:00,36,SW
29/10/2006 08:15,46,SW
29/10/2006 08:30,46,SW
29/10/2006 08:45,60,SW
29/10/2006 09:00,49,SW
29/10/2006 09:15,64,SW
29/10/2006 09:30,67,SW
29/10/2006 09:45,92,SW
29/10/2006 10:00,105,SW
29/10/2006 10:15,104,SW
29/10/2006 10:30,101,SW
29/10/2006 10:45,126,SW
29/10/2006 11:00,82,SW
29/10/2006 11:15,106,SW
29/10/2006 11:30,151,SW
29/10/2006 11:45,157,SW
29/10/2006 12:00,164,SW
29/10/2006 12:15,168,SW
29/10/2006 12:30,185,SW
29/10/2006 12:45,186,SW
29/10/2006 13:00,206,SW
29/10/2006 13:15,159,SW
29/10/2006 13:30,181,SW
29/10/2006 13:45,139,SW
29/10/2006 14:00,169,SW
29/10/2006 14:15,180,SW
29/10/2006 14:30,159,SW
29/10/2006 14:45,181,SW
29/10/2006 15:00,204,SW
29/10/2006 15:15,174,SW
29/10/2006 15:30,201,SW
29/10/2006 15:45,200,SW
29/10/2006 16:00,212,SW
29/10/2006 16:15,217,SW
29/10/2006 16:30,198,SW
29/10/2006 16:45,208,SW
29/10/2006 17:00,241,SW
29/10/2006 17:15,227,SW
29/10/2006 17:30,191,SW
29/10/2006 17:45,196,SW
29/10/2006 18:00,201,SW
29/10/2006 18:15,175,SW
29/10/2006 18:30,180,SW
29/10/2006 18:45,160,SW
29/10/2006 19:00,151,SW
29/10/2006 19:15,96,SW
29/10/2006 19:30,133,SW
29/10/2006 19:45,114,SW
29/10/2006 20:00,110,SW
29/10/2006 20:15,100,SW
29/10/2006 20:30,95,SW
29/10/2006 20:45,105,SW
29/10/2006 21:00,89,SW
29/10/2006 21:15,102,SW
29/10/2006 21:30,61,SW
29/10/2006 21:45,100,SW
29/10/2006 22:00,77,SW
29/10/2006 22:15,75,SW
29/10/2006 22:30,88,SW
29/10/2006 22:45,79,SW
29/10/2006 23:00,74,SW
29/10/2006 23:15,69,SW
29/10/2006 23:30,62,SW
29/10/2006 23:45,43,SW
30/10/2006 00:00,54,SW
30/10/2006 00:15,36,SW
30/10/2006 00:30,40,SW
30/10/2006 00:45,28,SW
30/10/2006 01:00,37,SW
30/10/2006 01:15,24,SW
30/10/2006 01:30,22,SW
30/10/2006 01:45,24,SW
30/10/2006 02:00,17,SW
30/10/2006 02:15,8,SW
30/10/2006 02:30,16,SW
30/10/2006 02:45,10,SW
30/10/2006 03:00,13,SW
30/10/2006 03:15,9,SW
30/10/2006 03:30,9,SW
30/10/2006 03:45,12,SW
30/10/2006 04:00,10,SW
30/10/2006 04:15,10,SW
30/10/2006 04:30,19,SW
30/10/2006 04:45,15,SW
30/10/2006 05:00,10,SW
30/10/2006 05:15,8,SW
30/10/2006 05:30,17,SW
30/10/2006 05:45,25,SW
30/10/2006 06:00,41,SW
30/10/2006 06:15,35,SW
30/10/2006 06:30,64,SW
30/10/2006 06:45,77,SW
30/10/2006 07:00,87,SW
30/10/2006 07:15,112,SW
30/10/2006 07:30,130,SW
30/10/2006 07:45,166,SW
30/10/2006 08:00,182,SW
30/10/2006 08:15,188,SW
30/10/2006 08:30,167,SW
30/10/2006 08:45,150,SW
30/10/2006 09:00,144,SW
30/10/2006 09:15,143,SW
30/10/2006 09:30,139,SW
30/10/2006 09:45,125,SW
30/10/2006 10:00,141,SW
30/10/2006 10:15,149,SW
30/10/2006 10:30,144,SW
30/10/2006 10:45,137,SW
30/10/2006 11:00,136,SW
30/10/2006 11:15,150,SW
30/10/2006 11:30,138,SW
30/10/2006 11:45,166,SW
30/10/2006 12:00,137,SW
30/10/2006 12:15,149,SW
30/10/2006 12:30,172,SW
30/10/2006 12:45,169,SW
30/10/2006 13:00,180,SW
30/10/2006 13:15,179,SW
30/10/2006 13:30,167,SW
30/10/2006 13:45,169,SW
30/10/2006 14:00,177,SW
30/10/2006 14:15,182,SW
30/10/2006 14:30,198,SW
30/10/2006 14:45,205,SW
30/10/2006 15:00,219,SW
30/10/2006 15:15,224,SW
30/10/2006 15:30,228,SW
30/10/2006 15:45,220,SW
30/10/2006 16:00,249,SW
30/10/2006 16:15,230,SW
30/10/2006 16:30,278,SW
30/10/2006 16:45,270,SW
30/10/2006 17:00,344,SW
30/10/2006 17:15,337,SW
30/10/2006 17:30,358,SW
30/10/2006 17:45,371,SW
30/10/2006 18:00,360,SW
30/10/2006 18:15,340,SW
30/10/2006 18:30,301,SW
30/10/2006 18:45,235,SW
30/10/2006 19:00,217,SW
30/10/2006 19:15,174,SW
30/10/2006 19:30,170,SW
30/10/2006 19:45,152,SW
30/10/2006 20:00,151,SW
30/10/2006 20:15,155,SW
30/10/2006 20:30,116,SW
30/10/2006 20:45,114,SW
30/10/2006 21:00,130,SW
30/10/2006 21:15,108,SW
30/10/2006 21:30,103,SW
30/10/2006 21:45,97,SW
30/10/2006 22:00,94,SW
30/10/2006 22:15,100,SW
30/10/2006 22:30,92,SW
30/10/2006 22:45,76,SW
30/10/2006 23:00,73,SW
30/10/2006 23:15,51,SW
30/10/2006 23:30,70,SW
30/10/2006 23:45,63,SW
31/10/2006 00:00,29,SW
31/10/2006 00:15,28,SW
31/10/2006 00:30,37,SW
31/10/2006 00:45,22,SW
31/10/2006 01:00,15,SW
31/10/2006 01:15,17,SW
31/10/2006 01:30,18,SW
31/10/2006 01:45,15,SW
31/10/2006 02:00,16,SW
31/10/2006 02:15,10,SW
31/10/2006 02:30,6,SW
31/10/2006 02:45,12,SW
31/10/2006 03:00,14,SW
31/10/2006 03:15,12,SW
31/10/2006 03:30,6,SW
31/10/2006 03:45,8,SW
31/10/2006 04:00,8,SW
31/10/2006 04:15,23,SW
31/10/2006 04:30,10,SW
31/10/2006 04:45,10,SW
31/10/2006 05:00,13,SW
31/10/2006 05:15,15,SW
31/10/2006 05:30,21,SW
31/10/2006 05:45,29,SW
31/10/2006 06:00,25,SW
31/10/2006 06:15,43,SW
31/10/2006 06:30,61,SW
31/10/2006 06:45,82,SW
31/10/2006 07:00,100,SW
31/10/2006 07:15,109,SW
31/10/2006 07:30,141,SW
31/10/2006 07:45,173,SW
31/10/2006 08:00,198,SW
31/10/2006 08:15,197,SW
31/10/2006 08:30,188,SW
31/10/2006 08:45,174,SW
31/10/2006 09:00,152,SW
31/10/2006 09:15,128,SW
31/10/2006 09:30,145,SW
31/10/2006 09:45,151,SW
31/10/2006 10:00,142,SW
31/10/2006 10:15,135,SW
31/10/2006 10:30,158,SW
31/10/2006 10:45,127,SW
31/10/2006 11:00,128,SW
31/10/2006 11:15,149,SW
31/10/2006 11:30,156,SW
31/10/2006 11:45,178,SW
31/10/2006 12:00,181,SW
31/10/2006 12:15,174,SW
31/10/2006 12:30,158,SW
31/10/2006 12:45,165,SW
31/10/2006 13:00,186,SW
31/10/2006 13:15,175,SW
31/10/2006 13:30,161,SW
31/10/2006 13:45,165,SW
31/10/2006 14:00,160,SW
31/10/2006 14:15,182,SW
31/10/2006 14:30,199,SW
31/10/2006 14:45,196,SW
31/10/2006 15:00,213,SW
31/10/2006 15:15,232,SW
31/10/2006 15:30,240,SW
31/10/2006 15:45,223,SW
31/10/2006 16:00,216,SW
31/10/2006 16:15,244,SW
31/10/2006 16:30,272,SW
31/10/2006 16:45,260,SW
31/10/2006 17:00,289,SW
31/10/2006 17:15,378,SW
31/10/2006 17:30,321,SW
31/10/2006 17:45,395,SW
31/10/2006 18:00,379,SW
31/10/2006 18:15,313,SW
31/10/2006 18:30,289,SW
31/10/2006 18:45,290,SW
31/10/2006 19:00,206,SW
31/10/2006 19:15,193,SW
31/10/2006 19:30,203,SW
31/10/2006 19:45,142,SW
31/10/2006 20:00,188,SW
31/10/2006 20:15,164,SW
31/10/2006 20:30,134,SW
31/10/2006 20:45,147,SW
31/10/2006 21:00,131,SW
31/10/2006 21:15,136,SW
31/10/2006 21:30,129,SW
31/10/2006 21:45,135,SW
31/10/2006 22:00,129,SW
31/10/2006 22:15,138,SW
31/10/2006 22:30,110,SW
31/10/2006 22:45,88,SW
31/10/2006 23:00,79,SW
31/10/2006 23:15,71,SW
31/10/2006 23:30,79,SW
31/10/2006 23:45,44,SW
