15 Minutes,Lane 1 Flow (Veh/15 Minutes)
1/10/2006 00:00,73
1/10/2006 00:15,81
1/10/2006 00:30,59
1/10/2006 00:45,65
1/10/2006 01:00,59
1/10/2006 01:15,62
1/10/2006 01:30,47
1/10/2006 01:45,79
1/10/2006 02:00,58
1/10/2006 02:15,34
1/10/2006 02:30,37
1/10/2006 02:45,52
1/10/2006 03:00,39
1/10/2006 03:15,33
1/10/2006 03:30,34
1/10/2006 03:45,38
1/10/2006 04:00,46
1/10/2006 04:15,25
1/10/2006 04:30,22
1/10/2006 04:45,44
1/10/2006 05:00,24
1/10/2006 05:15,27
1/10/2006 05:30,28
1/10/2006 05:45,36
1/10/2006 06:00,33
1/10/2006 06:15,42
1/10/2006 06:30,43
1/10/2006 06:45,40
1/10/2006 07:00,31
1/10/2006 07:15,36
1/10/2006 07:30,47
1/10/2006 07:45,64
1/10/2006 08:00,62
1/10/2006 08:15,62
1/10/2006 08:30,89
1/10/2006 08:45,96
1/10/2006 09:00,102
1/10/2006 09:15,139
1/10/2006 09:30,140
1/10/2006 09:45,160
1/10/2006 10:00,169
1/10/2006 10:15,173
1/10/2006 10:30,176
1/10/2006 10:45,194
1/10/2006 11:00,172
1/10/2006 11:15,171
1/10/2006 11:30,157
1/10/2006 11:45,187
1/10/2006 12:00,182
1/10/2006 12:15,187
1/10/2006 12:30,191
1/10/2006 12:45,191
1/10/2006 13:00,185
1/10/2006 13:15,210
1/10/2006 13:30,195
1/10/2006 13:45,175
1/10/2006 14:00,163
1/10/2006 14:15,136
1/10/2006 14:30,168
1/10/2006 14:45,194
1/10/2006 15:00,179
1/10/2006 15:15,191
1/10/2006 15:30,144
1/10/2006 15:45,170
1/10/2006 16:00,154
1/10/2006 16:15,170
1/10/2006 16:30,126
1/10/2006 16:45,130
1/10/2006 17:00,146
1/10/2006 17:15,95
1/10/2006 17:30,175
1/10/2006 17:45,135
1/10/2006 18:00,118
1/10/2006 18:15,115
1/10/2006 18:30,118
1/10/2006 18:45,125
1/10/2006 19:00,108
1/10/2006 19:15,96
1/10/2006 19:30,85
1/10/2006 19:45,88
1/10/2006 20:00,96
1/10/2006 20:15,71
1/10/2006 20:30,71
1/10/2006 20:45,69
1/10/2006 21:00,101
1/10/2006 21:15,81
1/10/2006 21:30,92
1/10/2006 21:45,55
1/10/2006 22:00,77
1/10/2006 22:15,51
1/10/2006 22:30,42
1/10/2006 22:45,53
1/10/2006 23:00,46
1/10/2006 23:15,52
1/10/2006 23:30,34
1/10/2006 23:45,40
2/10/2006 00:00,30
2/10/2006 00:15,17
2/10/2006 00:30,16
2/10/2006 00:45,16
2/10/2006 01:00,10
2/10/2006 01:15,11
2/10/2006 01:30,6
2/10/2006 01:45,11
2/10/2006 02:00,14
2/10/2006 02:15,14
2/10/2006 02:30,4
2/10/2006 02:45,7
2/10/2006 03:00,7
2/10/2006 03:15,5
2/10/2006 03:30,7
2/10/2006 03:45,15
2/10/2006 04:00,11
2/10/2006 04:15,12
2/10/2006 04:30,23
2/10/2006 04:45,24
2/10/2006 05:00,14
2/10/2006 05:15,28
2/10/2006 05:30,39
2/10/2006 05:45,54
2/10/2006 06:00,80
2/10/2006 06:15,105
2/10/2006 06:30,150
2/10/2006 06:45,208
2/10/2006 07:00,267
2/10/2006 07:15,330
2/10/2006 07:30,408
2/10/2006 07:45,439
2/10/2006 08:00,390
2/10/2006 08:15,394
2/10/2006 08:30,364
2/10/2006 08:45,360
2/10/2006 09:00,243
2/10/2006 09:15,222
2/10/2006 09:30,172
2/10/2006 09:45,210
2/10/2006 10:00,200
2/10/2006 10:15,178
2/10/2006 10:30,178
2/10/2006 10:45,183
2/10/2006 11:00,174
2/10/2006 11:15,171
2/10/2006 11:30,151
2/10/2006 11:45,193
2/10/2006 12:00,205
2/10/2006 12:15,177
2/10/2006 12:30,170
2/10/2006 12:45,157
2/10/2006 13:00,191
2/10/2006 13:15,201
2/10/2006 13:30,162
2/10/2006 13:45,171
2/10/2006 14:00,161
2/10/2006 14:15,194
2/10/2006 14:30,200
2/10/2006 14:45,190
2/10/2006 15:00,167
2/10/2006 15:15,204
2/10/2006 15:30,178
2/10/2006 15:45,166
2/10/2006 16:00,169
2/10/2006 16:15,151
2/10/2006 16:30,195
2/10/2006 16:45,179
2/10/2006 17:00,190
2/10/2006 17:15,197
2/10/2006 17:30,207
2/10/2006 17:45,176
2/10/2006 18:00,190
2/10/2006 18:15,173
2/10/2006 18:30,170
2/10/2006 18:45,180
2/10/2006 19:00,148
2/10/2006 19:15,128
2/10/2006 19:30,114
2/10/2006 19:45,113
2/10/2006 20:00,121
2/10/2006 20:15,98
2/10/2006 20:30,114
2/10/2006 20:45,88
2/10/2006 21:00,88
2/10/2006 21:15,88
2/10/2006 21:30,76
2/10/2006 21:45,86
2/10/2006 22:00,59
2/10/2006 22:15,62
2/10/2006 22:30,37
2/10/2006 22:45,51
2/10/2006 23:00,47
2/10/2006 23:15,28
2/10/2006 23:30,24
2/10/2006 23:45,22
3/10/2006 00:00,16
3/10/2006 00:15,16
3/10/2006 00:30,12
3/10/2006 00:45,9
3/10/2006 01:00,13
3/10/2006 01:15,9
3/10/2006 01:30,6
3/10/2006 01:45,7
3/10/2006 02:00,3
3/10/2006 02:15,8
3/10/2006 02:30,9
3/10/2006 02:45,8
3/10/2006 03:00,7
3/10/2006 03:15,9
3/10/2006 03:30,10
3/10/2006 03:45,11
3/10/2006 04:00,8
3/10/2006 04:15,20
3/10/2006 04:30,17
3/10/2006 04:45,15
3/10/2006 05:00,14
3/10/2006 05:15,30
3/10/2006 05:30,45
3/10/2006 05:45,85
3/10/2006 06:00,99
3/10/2006 06:15,137
3/10/2006 06:30,176
3/10/2006 06:45,249
3/10/2006 07:00,286
3/10/2006 07:15,344
3/10/2006 07:30,428
3/10/2006 07:45,386
3/10/2006 08:00,419
3/10/2006 08:15,427
3/10/2006 08:30,343
3/10/2006 08:45,345
3/10/2006 09:00,283
3/10/2006 09:15,223
3/10/2006 09:30,201
3/10/2006 09:45,208
3/10/2006 10:00,187
3/10/2006 10:15,196
3/10/2006 10:30,192
3/10/2006 10:45,194
3/10/2006 11:00,168
3/10/2006 11:15,182
3/10/2006 11:30,210
3/10/2006 11:45,168
3/10/2006 12:00,146
3/10/2006 12:15,197
3/10/2006 12:30,168
3/10/2006 12:45,199
3/10/2006 13:00,170
3/10/2006 13:15,189
3/10/2006 13:30,115
3/10/2006 13:45,170
3/10/2006 14:00,175
3/10/2006 14:15,243
3/10/2006 14:30,212
3/10/2006 14:45,178
3/10/2006 15:00,178
3/10/2006 15:15,199
3/10/2006 15:30,205
3/10/2006 15:45,155
3/10/2006 16:00,179
3/10/2006 16:15,155
3/10/2006 16:30,207
3/10/2006 16:45,198
3/10/2006 17:00,179
3/10/2006 17:15,209
3/10/2006 17:30,201
3/10/2006 17:45,227
3/10/2006 18:00,206
3/10/2006 18:15,195
3/10/2006 18:30,164
3/10/2006 18:45,162
3/10/2006 19:00,160
3/10/2006 19:15,142
3/10/2006 19:30,133
3/10/2006 19:45,107
3/10/2006 20:00,128
3/10/2006 20:15,113
3/10/2006 20:30,107
3/10/2006 20:45,101
3/10/2006 21:00,107
3/10/2006 21:15,113
3/10/2006 21:30,112
3/10/2006 21:45,95
3/10/2006 22:00,96
3/10/2006 22:15,82
3/10/2006 22:30,71
3/10/2006 22:45,71
3/10/2006 23:00,78
3/10/2006 23:15,58
3/10/2006 23:30,55
3/10/2006 23:45,43
4/10/2006 00:00,33
4/10/2006 00:15,29
4/10/2006 00:30,39
4/10/2006 00:45,35
4/10/2006 01:00,20
4/10/2006 01:15,27
4/10/2006 01:30,29
4/10/2006 01:45,20
4/10/2006 02:00,25
4/10/2006 02:15,25
4/10/2006 02:30,15
4/10/2006 02:45,21
4/10/2006 03:00,10
4/10/2006 03:15,15
4/10/2006 03:30,16
4/10/2006 03:45,9
4/10/2006 04:00,15
4/10/2006 04:15,24
4/10/2006 04:30,16
4/10/2006 04:45,11
4/10/2006 05:00,19
4/10/2006 05:15,30
4/10/2006 05:30,53
4/10/2006 05:45,66
4/10/2006 06:00,101
4/10/2006 06:15,144
4/10/2006 06:30,175
4/10/2006 06:45,260
4/10/2006 07:00,302
4/10/2006 07:15,332
4/10/2006 07:30,402
4/10/2006 07:45,395
4/10/2006 08:00,391
4/10/2006 08:15,387
4/10/2006 08:30,346
4/10/2006 08:45,313
4/10/2006 09:00,284
4/10/2006 09:15,227
4/10/2006 09:30,169
4/10/2006 09:45,145
4/10/2006 10:00,189
4/10/2006 10:15,194
4/10/2006 10:30,205
4/10/2006 10:45,195
4/10/2006 11:00,193
4/10/2006 11:15,177
4/10/2006 11:30,183
4/10/2006 11:45,192
4/10/2006 12:00,196
4/10/2006 12:15,172
4/10/2006 12:30,193
4/10/2006 12:45,191
4/10/2006 13:00,167
4/10/2006 13:15,157
4/10/2006 13:30,170
4/10/2006 13:45,146
4/10/2006 14:00,188
4/10/2006 14:15,171
4/10/2006 14:30,179
4/10/2006 14:45,180
4/10/2006 15:00,167
4/10/2006 15:15,183
4/10/2006 15:30,174
4/10/2006 15:45,185
4/10/2006 16:00,172
4/10/2006 16:15,181
4/10/2006 16:30,181
4/10/2006 16:45,176
4/10/2006 17:00,204
4/10/2006 17:15,216
4/10/2006 17:30,185
4/10/2006 17:45,220
4/10/2006 18:00,184
4/10/2006 18:15,160
4/10/2006 18:30,203
4/10/2006 18:45,110
4/10/2006 19:00,164
4/10/2006 19:15,162
4/10/2006 19:30,171
4/10/2006 19:45,112
4/10/2006 20:00,128
4/10/2006 20:15,93
4/10/2006 20:30,132
4/10/2006 20:45,101
4/10/2006 21:00,129
4/10/2006 21:15,89
4/10/2006 21:30,100
4/10/2006 21:45,88
4/10/2006 22:00,85
4/10/2006 22:15,71
4/10/2006 22:30,83
4/10/2006 22:45,66
4/10/2006 23:00,62
4/10/2006 23:15,43
4/10/2006 23:30,25
4/10/2006 23:45,25
5/10/2006 00:00,28
5/10/2006 00:15,23
5/10/2006 00:30,20
5/10/2006 00:45,25
5/10/2006 01:00,17
5/10/2006 01:15,12
5/10/2006 01:30,13
5/10/2006 01:45,9
5/10/2006 02:00,13
5/10/2006 02:15,9
5/10/2006 02:30,19
5/10/2006 02:45,15
5/10/2006 03:00,9
5/10/2006 03:15,15
5/10/2006 03:30,14
5/10/2006 03:45,17
5/10/2006 04:00,13
5/10/2006 04:15,13
5/10/2006 04:30,23
5/10/2006 04:45,17
5/10/2006 05:00,18
5/10/2006 05:15,28
5/10/2006 05:30,54
5/10/2006 05:45,86
5/10/2006 06:00,98
5/10/2006 06:15,115
5/10/2006 06:30,193
5/10/2006 06:45,219
5/10/2006 07:00,258
5/10/2006 07:15,332
5/10/2006 07:30,383
5/10/2006 07:45,401
5/10/2006 08:00,367
5/10/2006 08:15,406
5/10/2006 08:30,364
5/10/2006 08:45,319
5/10/2006 09:00,255
5/10/2006 09:15,250
5/10/2006 09:30,220
5/10/2006 09:45,223
5/10/2006 10:00,201
5/10/2006 10:15,185
5/10/2006 10:30,202
5/10/2006 10:45,207
5/10/2006 11:00,188
5/10/2006 11:15,196
5/10/2006 11:30,195
5/10/2006 11:45,191
5/10/2006 12:00,198
5/10/2006 12:15,166
5/10/2006 12:30,192
5/10/2006 12:45,162
5/10/2006 13:00,154
5/10/2006 13:15,174
5/10/2006 13:30,207
5/10/2006 13:45,178
5/10/2006 14:00,171
5/10/2006 14:15,178
5/10/2006 14:30,181
5/10/2006 14:45,165
5/10/2006 15:00,206
5/10/2006 15:15,181
5/10/2006 15:30,198
5/10/2006 15:45,169
5/10/2006 16:00,193
5/10/2006 16:15,176
5/10/2006 16:30,192
5/10/2006 16:45,196
5/10/2006 17:00,211
5/10/2006 17:15,196
5/10/2006 17:30,205
5/10/2006 17:45,217
5/10/2006 18:00,202
5/10/2006 18:15,180
5/10/2006 18:30,183
5/10/2006 18:45,188
5/10/2006 19:00,181
5/10/2006 19:15,159
5/10/2006 19:30,148
5/10/2006 19:45,140
5/10/2006 20:00,124
5/10/2006 20:15,136
5/10/2006 20:30,124
5/10/2006 20:45,122
5/10/2006 21:00,118
5/10/2006 21:15,153
5/10/2006 21:30,105
5/10/2006 21:45,101
5/10/2006 22:00,99
5/10/2006 22:15,77
5/10/2006 22:30,72
5/10/2006 22:45,86
5/10/2006 23:00,61
5/10/2006 23:15,76
5/10/2006 23:30,35
5/10/2006 23:45,39
6/10/2006 00:00,51
6/10/2006 00:15,47
6/10/2006 00:30,33
6/10/2006 00:45,35
6/10/2006 01:00,37
6/10/2006 01:15,36
6/10/2006 01:30,34
6/10/2006 01:45,33
6/10/2006 02:00,28
6/10/2006 02:15,24
6/10/2006 02:30,27
6/10/2006 02:45,27
6/10/2006 03:00,26
6/10/2006 03:15,14
6/10/2006 03:30,14
6/10/2006 03:45,18
6/10/2006 04:00,22
6/10/2006 04:15,13
6/10/2006 04:30,13
6/10/2006 04:45,14
6/10/2006 05:00,22
6/10/2006 05:15,33
6/10/2006 05:30,67
6/10/2006 05:45,74
6/10/2006 06:00,90
6/10/2006 06:15,126
6/10/2006 06:30,173
6/10/2006 06:45,224
6/10/2006 07:00,290
6/10/2006 07:15,325
6/10/2006 07:30,383
6/10/2006 07:45,387
6/10/2006 08:00,406
6/10/2006 08:15,406
6/10/2006 08:30,389
6/10/2006 08:45,319
6/10/2006 09:00,236
6/10/2006 09:15,205
6/10/2006 09:30,229
6/10/2006 09:45,212
6/10/2006 10:00,198
6/10/2006 10:15,191
6/10/2006 10:30,195
6/10/2006 10:45,171
6/10/2006 11:00,182
6/10/2006 11:15,177
6/10/2006 11:30,209
6/10/2006 11:45,205
6/10/2006 12:00,207
6/10/2006 12:15,203
6/10/2006 12:30,197
6/10/2006 12:45,160
6/10/2006 13:00,188
6/10/2006 13:15,189
6/10/2006 13:30,196
6/10/2006 13:45,131
6/10/2006 14:00,169
6/10/2006 14:15,191
6/10/2006 14:30,173
6/10/2006 14:45,186
6/10/2006 15:00,174
6/10/2006 15:15,189
6/10/2006 15:30,208
6/10/2006 15:45,187
6/10/2006 16:00,191
6/10/2006 16:15,186
6/10/2006 16:30,192
6/10/2006 16:45,201
6/10/2006 17:00,214
6/10/2006 17:15,217
6/10/2006 17:30,187
6/10/2006 17:45,241
6/10/2006 18:00,212
6/10/2006 18:15,223
6/10/2006 18:30,202
6/10/2006 18:45,198
6/10/2006 19:00,177
6/10/2006 19:15,184
6/10/2006 19:30,164
6/10/2006 19:45,162
6/10/2006 20:00,142
6/10/2006 20:15,112
6/10/2006 20:30,123
6/10/2006 20:45,111
6/10/2006 21:00,161
6/10/2006 21:15,148
6/10/2006 21:30,109
6/10/2006 21:45,115
6/10/2006 22:00,120
6/10/2006 22:15,108
6/10/2006 22:30,109
6/10/2006 22:45,93
6/10/2006 23:00,82
6/10/2006 23:15,112
6/10/2006 23:30,99
6/10/2006 23:45,72
7/10/2006 00:00,53
7/10/2006 00:15,65
7/10/2006 00:30,48
7/10/2006 00:45,64
7/10/2006 01:00,52
7/10/2006 01:15,48
7/10/2006 01:30,53
7/10/2006 01:45,41
7/10/2006 02:00,58
7/10/2006 02:15,35
7/10/2006 02:30,33
7/10/2006 02:45,35
7/10/2006 03:00,36
7/10/2006 03:15,35
7/10/2006 03:30,28
7/10/2006 03:45,14
7/10/2006 04:00,17
7/10/2006 04:15,16
7/10/2006 04:30,32
7/10/2006 04:45,22
7/10/2006 05:00,19
7/10/2006 05:15,24
7/10/2006 05:30,26
7/10/2006 05:45,39
7/10/2006 06:00,29
7/10/2006 06:15,38
7/10/2006 06:30,77
7/10/2006 06:45,99
7/10/2006 07:00,84
7/10/2006 07:15,68
7/10/2006 07:30,100
7/10/2006 07:45,117
7/10/2006 08:00,103
7/10/2006 08:15,137
7/10/2006 08:30,149
7/10/2006 08:45,166
7/10/2006 09:00,113
7/10/2006 09:15,209
7/10/2006 09:30,189
7/10/2006 09:45,187
7/10/2006 10:00,175
7/10/2006 10:15,207
7/10/2006 10:30,217
7/10/2006 10:45,204
7/10/2006 11:00,177
7/10/2006 11:15,215
7/10/2006 11:30,188
7/10/2006 11:45,211
7/10/2006 12:00,219
7/10/2006 12:15,194
7/10/2006 12:30,177
7/10/2006 12:45,218
7/10/2006 13:00,183
7/10/2006 13:15,104
7/10/2006 13:30,188
7/10/2006 13:45,164
7/10/2006 14:00,193
7/10/2006 14:15,185
7/10/2006 14:30,169
7/10/2006 14:45,177
7/10/2006 15:00,198
7/10/2006 15:15,153
7/10/2006 15:30,158
7/10/2006 15:45,204
7/10/2006 16:00,179
7/10/2006 16:15,136
7/10/2006 16:30,192
7/10/2006 16:45,155
7/10/2006 17:00,149
7/10/2006 17:15,151
7/10/2006 17:30,158
7/10/2006 17:45,139
7/10/2006 18:00,74
7/10/2006 18:15,161
7/10/2006 18:30,170
7/10/2006 18:45,87
7/10/2006 19:00,178
7/10/2006 19:15,130
7/10/2006 19:30,133
7/10/2006 19:45,139
7/10/2006 20:00,142
7/10/2006 20:15,104
7/10/2006 20:30,93
7/10/2006 20:45,106
7/10/2006 21:00,118
7/10/2006 21:15,117
7/10/2006 21:30,70
7/10/2006 21:45,125
7/10/2006 22:00,124
7/10/2006 22:15,105
7/10/2006 22:30,107
7/10/2006 22:45,111
7/10/2006 23:00,106
7/10/2006 23:15,110
7/10/2006 23:30,121
7/10/2006 23:45,93
8/10/2006 00:00,99
8/10/2006 00:15,96
8/10/2006 00:30,69
8/10/2006 00:45,69
8/10/2006 01:00,74
8/10/2006 01:15,58
8/10/2006 01:30,61
8/10/2006 01:45,44
8/10/2006 02:00,44
8/10/2006 02:15,45
8/10/2006 02:30,52
8/10/2006 02:45,47
8/10/2006 03:00,42
8/10/2006 03:15,42
8/10/2006 03:30,37
8/10/2006 03:45,33
8/10/2006 04:00,30
8/10/2006 04:15,31
8/10/2006 04:30,22
8/10/2006 04:45,33
8/10/2006 05:00,26
8/10/2006 05:15,24
8/10/2006 05:30,19
8/10/2006 05:45,36
8/10/2006 06:00,25
8/10/2006 06:15,29
8/10/2006 06:30,42
8/10/2006 06:45,25
8/10/2006 07:00,20
8/10/2006 07:15,43
8/10/2006 07:30,57
8/10/2006 07:45,57
8/10/2006 08:00,51
8/10/2006 08:15,62
8/10/2006 08:30,74
8/10/2006 08:45,100
8/10/2006 09:00,116
8/10/2006 09:15,106
8/10/2006 09:30,142
8/10/2006 09:45,76
8/10/2006 10:00,148
8/10/2006 10:15,134
8/10/2006 10:30,167
8/10/2006 10:45,173
8/10/2006 11:00,151
8/10/2006 11:15,120
8/10/2006 11:30,141
8/10/2006 11:45,114
8/10/2006 12:00,170
8/10/2006 12:15,172
8/10/2006 12:30,156
8/10/2006 12:45,90
8/10/2006 13:00,86
8/10/2006 13:15,98
8/10/2006 13:30,103
8/10/2006 13:45,97
8/10/2006 14:00,55
8/10/2006 14:15,47
8/10/2006 14:30,162
8/10/2006 14:45,143
8/10/2006 15:00,177
8/10/2006 15:15,158
8/10/2006 15:30,153
8/10/2006 15:45,168
8/10/2006 16:00,138
8/10/2006 16:15,145
8/10/2006 16:30,160
8/10/2006 16:45,131
8/10/2006 17:00,129
8/10/2006 17:15,127
8/10/2006 17:30,141
8/10/2006 17:45,61
8/10/2006 18:00,121
8/10/2006 18:15,130
8/10/2006 18:30,141
8/10/2006 18:45,61
8/10/2006 19:00,136
8/10/2006 19:15,101
8/10/2006 19:30,89
8/10/2006 19:45,101
8/10/2006 20:00,80
8/10/2006 20:15,77
8/10/2006 20:30,74
8/10/2006 20:45,82
8/10/2006 21:00,67
8/10/2006 21:15,80
8/10/2006 21:30,76
8/10/2006 21:45,92
8/10/2006 22:00,64
8/10/2006 22:15,44
8/10/2006 22:30,59
8/10/2006 22:45,78
8/10/2006 23:00,42
8/10/2006 23:15,46
8/10/2006 23:30,33
8/10/2006 23:45,31
9/10/2006 00:00,16
9/10/2006 00:15,12
9/10/2006 00:30,9
9/10/2006 00:45,15
9/10/2006 01:00,23
9/10/2006 01:15,12
9/10/2006 01:30,14
9/10/2006 01:45,16
9/10/2006 02:00,12
9/10/2006 02:15,5
9/10/2006 02:30,11
9/10/2006 02:45,9
9/10/2006 03:00,9
9/10/2006 03:15,16
9/10/2006 03:30,4
9/10/2006 03:45,12
9/10/2006 04:00,9
9/10/2006 04:15,6
9/10/2006 04:30,16
9/10/2006 04:45,15
9/10/2006 05:00,10
9/10/2006 05:15,40
9/10/2006 05:30,38
9/10/2006 05:45,69
9/10/2006 06:00,97
9/10/2006 06:15,127
9/10/2006 06:30,164
9/10/2006 06:45,209
9/10/2006 07:00,236
9/10/2006 07:15,336
9/10/2006 07:30,425
9/10/2006 07:45,423
9/10/2006 08:00,395
9/10/2006 08:15,417
9/10/2006 08:30,430
9/10/2006 08:45,322
9/10/2006 09:00,255
9/10/2006 09:15,235
9/10/2006 09:30,211
9/10/2006 09:45,213
9/10/2006 10:00,188
9/10/2006 10:15,175
9/10/2006 10:30,191
9/10/2006 10:45,173
9/10/2006 11:00,160
9/10/2006 11:15,186
9/10/2006 11:30,186
9/10/2006 11:45,156
9/10/2006 12:00,198
9/10/2006 12:15,179
9/10/2006 12:30,197
9/10/2006 12:45,186
9/10/2006 13:00,171
9/10/2006 13:15,199
9/10/2006 13:30,168
9/10/2006 13:45,172
9/10/2006 14:00,161
9/10/2006 14:15,190
9/10/2006 14:30,170
9/10/2006 14:45,175
9/10/2006 15:00,168
9/10/2006 15:15,179
9/10/2006 15:30,184
9/10/2006 15:45,173
9/10/2006 16:00,207
9/10/2006 16:15,133
9/10/2006 16:30,174
9/10/2006 16:45,179
9/10/2006 17:00,205
9/10/2006 17:15,191
9/10/2006 17:30,211
9/10/2006 17:45,197
9/10/2006 18:00,195
9/10/2006 18:15,163
9/10/2006 18:30,122
9/10/2006 18:45,126
9/10/2006 19:00,140
9/10/2006 19:15,133
9/10/2006 19:30,127
9/10/2006 19:45,100
9/10/2006 20:00,96
9/10/2006 20:15,87
9/10/2006 20:30,97
9/10/2006 20:45,87
9/10/2006 21:00,93
9/10/2006 21:15,88
9/10/2006 21:30,77
9/10/2006 21:45,99
9/10/2006 22:00,82
9/10/2006 22:15,75
9/10/2006 22:30,62
9/10/2006 22:45,48
9/10/2006 23:00,35
9/10/2006 23:15,26
9/10/2006 23:30,25
9/10/2006 23:45,29
10/10/2006 00:00,21
10/10/2006 00:15,18
10/10/2006 00:30,16
10/10/2006 00:45,14
10/10/2006 01:00,10
10/10/2006 01:15,9
10/10/2006 01:30,9
10/10/2006 01:45,6
10/10/2006 02:00,7
10/10/2006 02:15,7
10/10/2006 02:30,10
10/10/2006 02:45,6
10/10/2006 03:00,7
10/10/2006 03:15,12
10/10/2006 03:30,10
10/10/2006 03:45,6
10/10/2006 04:00,10
10/10/2006 04:15,13
10/10/2006 04:30,12
10/10/2006 04:45,13
10/10/2006 05:00,16
10/10/2006 05:15,31
10/10/2006 05:30,42
10/10/2006 05:45,80
10/10/2006 06:00,97
10/10/2006 06:15,138
10/10/2006 06:30,174
10/10/2006 06:45,235
10/10/2006 07:00,278
10/10/2006 07:15,318
10/10/2006 07:30,353
10/10/2006 07:45,432
10/10/2006 08:00,430
10/10/2006 08:15,403
10/10/2006 08:30,439
10/10/2006 08:45,318
10/10/2006 09:00,264
10/10/2006 09:15,246
10/10/2006 09:30,221
10/10/2006 09:45,233
10/10/2006 10:00,164
10/10/2006 10:15,196
10/10/2006 10:30,211
10/10/2006 10:45,210
10/10/2006 11:00,184
10/10/2006 11:15,197
10/10/2006 11:30,183
10/10/2006 11:45,191
10/10/2006 12:00,208
10/10/2006 12:15,178
10/10/2006 12:30,177
10/10/2006 12:45,161
10/10/2006 13:00,182
10/10/2006 13:15,104
10/10/2006 13:30,168
10/10/2006 13:45,179
10/10/2006 14:00,171
10/10/2006 14:15,170
10/10/2006 14:30,181
10/10/2006 14:45,162
10/10/2006 15:00,180
10/10/2006 15:15,188
10/10/2006 15:30,193
10/10/2006 15:45,157
10/10/2006 16:00,181
10/10/2006 16:15,184
10/10/2006 16:30,196
10/10/2006 16:45,172
10/10/2006 17:00,190
10/10/2006 17:15,213
10/10/2006 17:30,189
10/10/2006 17:45,217
10/10/2006 18:00,189
10/10/2006 18:15,223
10/10/2006 18:30,169
10/10/2006 18:45,184
10/10/2006 19:00,159
10/10/2006 19:15,176
10/10/2006 19:30,144
10/10/2006 19:45,129
10/10/2006 20:00,123
10/10/2006 20:15,113
10/10/2006 20:30,131
10/10/2006 20:45,100
10/10/2006 21:00,108
10/10/2006 21:15,115
10/10/2006 21:30,114
10/10/2006 21:45,100
10/10/2006 22:00,99
10/10/2006 22:15,70
10/10/2006 22:30,71
10/10/2006 22:45,89
10/10/2006 23:00,67
10/10/2006 23:15,38
10/10/2006 23:30,50
10/10/2006 23:45,39
11/10/2006 00:00,32
11/10/2006 00:15,32
11/10/2006 00:30,35
11/10/2006 00:45,18
11/10/2006 01:00,27
11/10/2006 01:15,15
11/10/2006 01:30,20
11/10/2006 01:45,23
11/10/2006 02:00,20
11/10/2006 02:15,15
11/10/2006 02:30,15
11/10/2006 02:45,13
11/10/2006 03:00,8
11/10/2006 03:15,15
11/10/2006 03:30,16
11/10/2006 03:45,15
11/10/2006 04:00,15
11/10/2006 04:15,9
11/10/2006 04:30,9
11/10/2006 04:45,19
11/10/2006 05:00,23
11/10/2006 05:15,30
11/10/2006 05:30,56
11/10/2006 05:45,80
11/10/2006 06:00,103
11/10/2006 06:15,137
11/10/2006 06:30,179
11/10/2006 06:45,234
11/10/2006 07:00,269
11/10/2006 07:15,330
11/10/2006 07:30,392
11/10/2006 07:45,432
11/10/2006 08:00,410
11/10/2006 08:15,412
11/10/2006 08:30,384
11/10/2006 08:45,345
11/10/2006 09:00,273
11/10/2006 09:15,221
11/10/2006 09:30,253
11/10/2006 09:45,226
11/10/2006 10:00,214
11/10/2006 10:15,194
11/10/2006 10:30,195
11/10/2006 10:45,195
11/10/2006 11:00,201
11/10/2006 11:15,198
11/10/2006 11:30,190
11/10/2006 11:45,191
11/10/2006 12:00,207
11/10/2006 12:15,184
11/10/2006 12:30,172
11/10/2006 12:45,173
11/10/2006 13:00,175
11/10/2006 13:15,172
11/10/2006 13:30,155
11/10/2006 13:45,181
11/10/2006 14:00,171
11/10/2006 14:15,170
11/10/2006 14:30,178
11/10/2006 14:45,160
11/10/2006 15:00,161
11/10/2006 15:15,196
11/10/2006 15:30,182
11/10/2006 15:45,155
11/10/2006 16:00,166
11/10/2006 16:15,174
11/10/2006 16:30,192
11/10/2006 16:45,179
11/10/2006 17:00,184
11/10/2006 17:15,173
11/10/2006 17:30,212
11/10/2006 17:45,189
11/10/2006 18:00,197
11/10/2006 18:15,211
11/10/2006 18:30,172
11/10/2006 18:45,167
11/10/2006 19:00,141
11/10/2006 19:15,163
11/10/2006 19:30,143
11/10/2006 19:45,139
11/10/2006 20:00,124
11/10/2006 20:15,113
11/10/2006 20:30,114
11/10/2006 20:45,105
11/10/2006 21:00,91
11/10/2006 21:15,109
11/10/2006 21:30,126
11/10/2006 21:45,98
11/10/2006 22:00,95
11/10/2006 22:15,59
11/10/2006 22:30,87
11/10/2006 22:45,68
11/10/2006 23:00,61
11/10/2006 23:15,42
11/10/2006 23:30,46
11/10/2006 23:45,23
12/10/2006 00:00,28
12/10/2006 00:15,24
12/10/2006 00:30,24
12/10/2006 00:45,12
12/10/2006 01:00,17
12/10/2006 01:15,8
12/10/2006 01:30,10
12/10/2006 01:45,18
12/10/2006 02:00,6
12/10/2006 02:15,6
12/10/2006 02:30,9
12/10/2006 02:45,13
12/10/2006 03:00,7
12/10/2006 03:15,9
12/10/2006 03:30,8
12/10/2006 03:45,12
12/10/2006 04:00,11
12/10/2006 04:15,10
12/10/2006 04:30,20
12/10/2006 04:45,14
12/10/2006 05:00,16
12/10/2006 05:15,30
12/10/2006 05:30,37
12/10/2006 05:45,67
12/10/2006 06:00,93
12/10/2006 06:15,117
12/10/2006 06:30,166
12/10/2006 06:45,248
12/10/2006 07:00,282
12/10/2006 07:15,315
12/10/2006 07:30,409
12/10/2006 07:45,416
12/10/2006 08:00,412
12/10/2006 08:15,414
12/10/2006 08:30,391
12/10/2006 08:45,356
12/10/2006 09:00,242
12/10/2006 09:15,266
12/10/2006 09:30,247
12/10/2006 09:45,209
12/10/2006 10:00,200
12/10/2006 10:15,182
12/10/2006 10:30,228
12/10/2006 10:45,205
12/10/2006 11:00,196
12/10/2006 11:15,174
12/10/2006 11:30,182
12/10/2006 11:45,195
12/10/2006 12:00,153
12/10/2006 12:15,178
12/10/2006 12:30,183
12/10/2006 12:45,162
12/10/2006 13:00,191
12/10/2006 13:15,166
12/10/2006 13:30,168
12/10/2006 13:45,177
12/10/2006 14:00,189
12/10/2006 14:15,176
12/10/2006 14:30,156
12/10/2006 14:45,158
12/10/2006 15:00,161
12/10/2006 15:15,200
12/10/2006 15:30,189
12/10/2006 15:45,159
12/10/2006 16:00,177
12/10/2006 16:15,149
12/10/2006 16:30,183
12/10/2006 16:45,164
12/10/2006 17:00,186
12/10/2006 17:15,178
12/10/2006 17:30,219
12/10/2006 17:45,203
12/10/2006 18:00,225
12/10/2006 18:15,167
12/10/2006 18:30,191
12/10/2006 18:45,144
12/10/2006 19:00,161
12/10/2006 19:15,153
12/10/2006 19:30,148
12/10/2006 19:45,140
12/10/2006 20:00,114
12/10/2006 20:15,116
12/10/2006 20:30,128
12/10/2006 20:45,130
12/10/2006 21:00,126
12/10/2006 21:15,110
12/10/2006 21:30,125
12/10/2006 21:45,111
12/10/2006 22:00,88
12/10/2006 22:15,86
12/10/2006 22:30,95
12/10/2006 22:45,63
12/10/2006 23:00,75
12/10/2006 23:15,56
12/10/2006 23:30,55
12/10/2006 23:45,63
13/10/2006 00:00,55
13/10/2006 00:15,41
13/10/2006 00:30,44
13/10/2006 00:45,40
13/10/2006 01:00,41
13/10/2006 01:15,41
13/10/2006 01:30,33
13/10/2006 01:45,22
13/10/2006 02:00,13
13/10/2006 02:15,18
13/10/2006 02:30,19
13/10/2006 02:45,13
13/10/2006 03:00,23
13/10/2006 03:15,17
13/10/2006 03:30,11
13/10/2006 03:45,17
13/10/2006 04:00,19
13/10/2006 04:15,9
13/10/2006 04:30,18
13/10/2006 04:45,26
13/10/2006 05:00,20
13/10/2006 05:15,31
13/10/2006 05:30,63
13/10/2006 05:45,78
13/10/2006 06:00,102
13/10/2006 06:15,112
13/10/2006 06:30,169
13/10/2006 06:45,231
13/10/2006 07:00,260
13/10/2006 07:15,311
13/10/2006 07:30,400
13/10/2006 07:45,444
13/10/2006 08:00,357
13/10/2006 08:15,428
13/10/2006 08:30,364
13/10/2006 08:45,350
13/10/2006 09:00,268
13/10/2006 09:15,208
13/10/2006 09:30,222
13/10/2006 09:45,213
13/10/2006 10:00,199
13/10/2006 10:15,195
13/10/2006 10:30,212
13/10/2006 10:45,180
13/10/2006 11:00,178
13/10/2006 11:15,178
13/10/2006 11:30,208
13/10/2006 11:45,201
13/10/2006 12:00,194
13/10/2006 12:15,195
13/10/2006 12:30,204
13/10/2006 12:45,194
13/10/2006 13:00,192
13/10/2006 13:15,179
13/10/2006 13:30,190
13/10/2006 13:45,178
13/10/2006 14:00,178
13/10/2006 14:15,182
13/10/2006 14:30,185
13/10/2006 14:45,193
13/10/2006 15:00,178
13/10/2006 15:15,184
13/10/2006 15:30,196
13/10/2006 15:45,188
13/10/2006 16:00,182
13/10/2006 16:15,207
13/10/2006 16:30,187
13/10/2006 16:45,196
13/10/2006 17:00,203
13/10/2006 17:15,178
13/10/2006 17:30,184
13/10/2006 17:45,212
13/10/2006 18:00,214
13/10/2006 18:15,185
13/10/2006 18:30,174
13/10/2006 18:45,141
13/10/2006 19:00,184
13/10/2006 19:15,171
13/10/2006 19:30,152
13/10/2006 19:45,159
13/10/2006 20:00,131
13/10/2006 20:15,124
13/10/2006 20:30,142
13/10/2006 20:45,127
13/10/2006 21:00,114
13/10/2006 21:15,121
13/10/2006 21:30,131
13/10/2006 21:45,98
13/10/2006 22:00,110
13/10/2006 22:15,106
13/10/2006 22:30,82
13/10/2006 22:45,103
13/10/2006 23:00,89
13/10/2006 23:15,95
13/10/2006 23:30,76
13/10/2006 23:45,63
14/10/2006 00:00,74
14/10/2006 00:15,64
14/10/2006 00:30,48
14/10/2006 00:45,53
14/10/2006 01:00,57
14/10/2006 01:15,45
14/10/2006 01:30,57
14/10/2006 01:45,38
14/10/2006 02:00,39
14/10/2006 02:15,31
14/10/2006 02:30,34
14/10/2006 02:45,25
14/10/2006 03:00,26
14/10/2006 03:15,22
14/10/2006 03:30,28
14/10/2006 03:45,16
14/10/2006 04:00,34
14/10/2006 04:15,33
14/10/2006 04:30,22
14/10/2006 04:45,25
14/10/2006 05:00,25
14/10/2006 05:15,19
14/10/2006 05:30,22
14/10/2006 05:45,45
14/10/2006 06:00,38
14/10/2006 06:15,49
14/10/2006 06:30,72
14/10/2006 06:45,82
14/10/2006 07:00,78
14/10/2006 07:15,76
14/10/2006 07:30,88
14/10/2006 07:45,96
14/10/2006 08:00,98
14/10/2006 08:15,126
14/10/2006 08:30,131
14/10/2006 08:45,167
14/10/2006 09:00,169
14/10/2006 09:15,192
14/10/2006 09:30,201
14/10/2006 09:45,199
14/10/2006 10:00,207
14/10/2006 10:15,209
14/10/2006 10:30,199
14/10/2006 10:45,227
14/10/2006 11:00,187
14/10/2006 11:15,182
14/10/2006 11:30,203
14/10/2006 11:45,201
14/10/2006 12:00,210
14/10/2006 12:15,221
14/10/2006 12:30,201
14/10/2006 12:45,196
14/10/2006 13:00,206
14/10/2006 13:15,179
14/10/2006 13:30,190
14/10/2006 13:45,196
14/10/2006 14:00,189
14/10/2006 14:15,203
14/10/2006 14:30,196
14/10/2006 14:45,176
14/10/2006 15:00,181
14/10/2006 15:15,187
14/10/2006 15:30,189
14/10/2006 15:45,155
14/10/2006 16:00,183
14/10/2006 16:15,189
14/10/2006 16:30,165
14/10/2006 16:45,166
14/10/2006 17:00,175
14/10/2006 17:15,133
14/10/2006 17:30,138
14/10/2006 17:45,151
14/10/2006 18:00,153
14/10/2006 18:15,176
14/10/2006 18:30,148
14/10/2006 18:45,161
14/10/2006 19:00,165
14/10/2006 19:15,130
14/10/2006 19:30,155
14/10/2006 19:45,102
14/10/2006 20:00,113
14/10/2006 20:15,138
14/10/2006 20:30,107
14/10/2006 20:45,109
14/10/2006 21:00,131
14/10/2006 21:15,107
14/10/2006 21:30,93
14/10/2006 21:45,121
14/10/2006 22:00,103
14/10/2006 22:15,103
14/10/2006 22:30,114
14/10/2006 22:45,87
14/10/2006 23:00,108
14/10/2006 23:15,100
14/10/2006 23:30,99
14/10/2006 23:45,106
15/10/2006 00:00,73
15/10/2006 00:15,96
15/10/2006 00:30,53
15/10/2006 00:45,57
15/10/2006 01:00,62
15/10/2006 01:15,52
15/10/2006 01:30,56
15/10/2006 01:45,62
15/10/2006 02:00,57
15/10/2006 02:15,51
15/10/2006 02:30,31
15/10/2006 02:45,42
15/10/2006 03:00,37
15/10/2006 03:15,39
15/10/2006 03:30,29
15/10/2006 03:45,40
15/10/2006 04:00,37
15/10/2006 04:15,34
15/10/2006 04:30,58
15/10/2006 04:45,39
15/10/2006 05:00,40
15/10/2006 05:15,37
15/10/2006 05:30,39
15/10/2006 05:45,33
15/10/2006 06:00,26
15/10/2006 06:15,38
15/10/2006 06:30,41
15/10/2006 06:45,37
15/10/2006 07:00,50
15/10/2006 07:15,43
15/10/2006 07:30,51
15/10/2006 07:45,55
15/10/2006 08:00,70
15/10/2006 08:15,68
15/10/2006 08:30,87
15/10/2006 08:45,105
15/10/2006 09:00,99
15/10/2006 09:15,141
15/10/2006 09:30,151
15/10/2006 09:45,156
15/10/2006 10:00,168
15/10/2006 10:15,78
15/10/2006 10:30,80
15/10/2006 10:45,156
15/10/2006 11:00,155
15/10/2006 11:15,194
15/10/2006 11:30,166
15/10/2006 11:45,194
15/10/2006 12:00,178
15/10/2006 12:15,186
15/10/2006 12:30,176
15/10/2006 12:45,174
15/10/2006 13:00,148
15/10/2006 13:15,191
15/10/2006 13:30,209
15/10/2006 13:45,184
15/10/2006 14:00,175
15/10/2006 14:15,157
15/10/2006 14:30,177
15/10/2006 14:45,191
15/10/2006 15:00,166
15/10/2006 15:15,170
15/10/2006 15:30,174
15/10/2006 15:45,148
15/10/2006 16:00,168
15/10/2006 16:15,171
15/10/2006 16:30,165
15/10/2006 16:45,154
15/10/2006 17:00,146
15/10/2006 17:15,119
15/10/2006 17:30,130
15/10/2006 17:45,133
15/10/2006 18:00,100
15/10/2006 18:15,122
15/10/2006 18:30,148
15/10/2006 18:45,100
15/10/2006 19:00,103
15/10/2006 19:15,102
15/10/2006 19:30,90
15/10/2006 19:45,89
15/10/2006 20:00,79
15/10/2006 20:15,80
15/10/2006 20:30,73
15/10/2006 20:45,78
15/10/2006 21:00,100
15/10/2006 21:15,74
15/10/2006 21:30,81
15/10/2006 21:45,69
15/10/2006 22:00,73
15/10/2006 22:15,57
15/10/2006 22:30,29
15/10/2006 22:45,49
15/10/2006 23:00,43
15/10/2006 23:15,39
15/10/2006 23:30,45
15/10/2006 23:45,35
16/10/2006 00:00,26
16/10/2006 00:15,30
16/10/2006 00:30,22
16/10/2006 00:45,15
16/10/2006 01:00,11
16/10/2006 01:15,8
16/10/2006 01:30,12
16/10/2006 01:45,10
16/10/2006 02:00,11
16/10/2006 02:15,10
16/10/2006 02:30,12
16/10/2006 02:45,6
16/10/2006 03:00,6
16/10/2006 03:15,8
16/10/2006 03:30,4
16/10/2006 03:45,8
16/10/2006 04:00,17
16/10/2006 04:15,10
16/10/2006 04:30,15
16/10/2006 04:45,20
16/10/2006 05:00,21
16/10/2006 05:15,24
16/10/2006 05:30,43
16/10/2006 05:45,69
16/10/2006 06:00,92
16/10/2006 06:15,123
16/10/2006 06:30,171
16/10/2006 06:45,199
16/10/2006 07:00,300
16/10/2006 07:15,343
16/10/2006 07:30,360
16/10/2006 07:45,460
16/10/2006 08:00,405
16/10/2006 08:15,367
16/10/2006 08:30,353
16/10/2006 08:45,363
16/10/2006 09:00,235
16/10/2006 09:15,265
16/10/2006 09:30,218
16/10/2006 09:45,218
16/10/2006 10:00,167
16/10/2006 10:15,194
16/10/2006 10:30,195
16/10/2006 10:45,195
16/10/2006 11:00,149
16/10/2006 11:15,188
16/10/2006 11:30,151
16/10/2006 11:45,143
16/10/2006 12:00,186
16/10/2006 12:15,168
16/10/2006 12:30,173
16/10/2006 12:45,184
16/10/2006 13:00,163
16/10/2006 13:15,189
16/10/2006 13:30,170
16/10/2006 13:45,154
16/10/2006 14:00,124
16/10/2006 14:15,133
16/10/2006 14:30,201
16/10/2006 14:45,179
16/10/2006 15:00,170
16/10/2006 15:15,182
16/10/2006 15:30,190
16/10/2006 15:45,150
16/10/2006 16:00,185
16/10/2006 16:15,150
16/10/2006 16:30,170
16/10/2006 16:45,205
16/10/2006 17:00,175
16/10/2006 17:15,214
16/10/2006 17:30,195
16/10/2006 17:45,209
16/10/2006 18:00,154
16/10/2006 18:15,156
16/10/2006 18:30,165
16/10/2006 18:45,142
16/10/2006 19:00,143
16/10/2006 19:15,190
16/10/2006 19:30,143
16/10/2006 19:45,128
16/10/2006 20:00,96
16/10/2006 20:15,116
16/10/2006 20:30,102
16/10/2006 20:45,99
16/10/2006 21:00,106
16/10/2006 21:15,91
16/10/2006 21:30,86
16/10/2006 21:45,64
16/10/2006 22:00,126
16/10/2006 22:15,68
16/10/2006 22:30,62
16/10/2006 22:45,59
16/10/2006 23:00,48
16/10/2006 23:15,37
16/10/2006 23:30,32
16/10/2006 23:45,31
17/10/2006 00:00,40
17/10/2006 00:15,23
17/10/2006 00:30,17
17/10/2006 00:45,11
17/10/2006 01:00,9
17/10/2006 01:15,13
17/10/2006 01:30,13
17/10/2006 01:45,8
17/10/2006 02:00,9
17/10/2006 02:15,10
17/10/2006 02:30,7
17/10/2006 02:45,5
17/10/2006 03:00,6
17/10/2006 03:15,7
17/10/2006 03:30,8
17/10/2006 03:45,6
17/10/2006 04:00,8
17/10/2006 04:15,13
17/10/2006 04:30,10
17/10/2006 04:45,12
17/10/2006 05:00,18
17/10/2006 05:15,28
17/10/2006 05:30,58
17/10/2006 05:45,78
17/10/2006 06:00,95
17/10/2006 06:15,138
17/10/2006 06:30,201
17/10/2006 06:45,239
17/10/2006 07:00,305
17/10/2006 07:15,353
17/10/2006 07:30,361
17/10/2006 07:45,418
17/10/2006 08:00,414
17/10/2006 08:15,414
17/10/2006 08:30,317
17/10/2006 08:45,296
17/10/2006 09:00,200
17/10/2006 09:15,226
17/10/2006 09:30,210
17/10/2006 09:45,217
17/10/2006 10:00,200
17/10/2006 10:15,100
17/10/2006 10:30,197
17/10/2006 10:45,141
17/10/2006 11:00,180
17/10/2006 11:15,202
17/10/2006 11:30,195
17/10/2006 11:45,187
17/10/2006 12:00,182
17/10/2006 12:15,82
17/10/2006 12:30,155
17/10/2006 12:45,158
17/10/2006 13:00,183
17/10/2006 13:15,158
17/10/2006 13:30,96
17/10/2006 13:45,158
17/10/2006 14:00,170
17/10/2006 14:15,179
17/10/2006 14:30,177
17/10/2006 14:45,165
17/10/2006 15:00,182
17/10/2006 15:15,197
17/10/2006 15:30,167
17/10/2006 15:45,190
17/10/2006 16:00,168
17/10/2006 16:15,172
17/10/2006 16:30,175
17/10/2006 16:45,183
17/10/2006 17:00,212
17/10/2006 17:15,197
17/10/2006 17:30,238
17/10/2006 17:45,222
17/10/2006 18:00,196
17/10/2006 18:15,200
17/10/2006 18:30,195
17/10/2006 18:45,165
17/10/2006 19:00,187
17/10/2006 19:15,178
17/10/2006 19:30,169
17/10/2006 19:45,121
17/10/2006 20:00,129
17/10/2006 20:15,115
17/10/2006 20:30,120
17/10/2006 20:45,132
17/10/2006 21:00,113
17/10/2006 21:15,121
17/10/2006 21:30,125
17/10/2006 21:45,124
17/10/2006 22:00,86
17/10/2006 22:15,81
17/10/2006 22:30,60
17/10/2006 22:45,69
17/10/2006 23:00,68
17/10/2006 23:15,66
17/10/2006 23:30,41
17/10/2006 23:45,39
18/10/2006 00:00,57
18/10/2006 00:15,48
18/10/2006 00:30,31
18/10/2006 00:45,23
18/10/2006 01:00,33
18/10/2006 01:15,23
18/10/2006 01:30,19
18/10/2006 01:45,22
18/10/2006 02:00,32
18/10/2006 02:15,24
18/10/2006 02:30,19
18/10/2006 02:45,20
18/10/2006 03:00,16
18/10/2006 03:15,12
18/10/2006 03:30,20
18/10/2006 03:45,14
18/10/2006 04:00,15
18/10/2006 04:15,11
18/10/2006 04:30,14
18/10/2006 04:45,15
18/10/2006 05:00,15
18/10/2006 05:15,24
18/10/2006 05:30,53
18/10/2006 05:45,68
18/10/2006 06:00,106
18/10/2006 06:15,130
18/10/2006 06:30,192
18/10/2006 06:45,226
18/10/2006 07:00,265
18/10/2006 07:15,379
18/10/2006 07:30,386
18/10/2006 07:45,429
18/10/2006 08:00,398
18/10/2006 08:15,393
18/10/2006 08:30,391
18/10/2006 08:45,340
18/10/2006 09:00,279
18/10/2006 09:15,245
18/10/2006 09:30,223
18/10/2006 09:45,210
18/10/2006 10:00,177
18/10/2006 10:15,184
18/10/2006 10:30,214
18/10/2006 10:45,188
18/10/2006 11:00,174
18/10/2006 11:15,205
18/10/2006 11:30,174
18/10/2006 11:45,183
18/10/2006 12:00,187
18/10/2006 12:15,164
18/10/2006 12:30,170
18/10/2006 12:45,188
18/10/2006 13:00,185
18/10/2006 13:15,124
18/10/2006 13:30,135
18/10/2006 13:45,153
18/10/2006 14:00,163
18/10/2006 14:15,156
18/10/2006 14:30,191
18/10/2006 14:45,169
18/10/2006 15:00,177
18/10/2006 15:15,193
18/10/2006 15:30,185
18/10/2006 15:45,178
18/10/2006 16:00,181
18/10/2006 16:15,167
18/10/2006 16:30,191
18/10/2006 16:45,197
18/10/2006 17:00,202
18/10/2006 17:15,202
18/10/2006 17:30,221
18/10/2006 17:45,224
18/10/2006 18:00,213
18/10/2006 18:15,184
18/10/2006 18:30,192
18/10/2006 18:45,98
18/10/2006 19:00,202
18/10/2006 19:15,163
18/10/2006 19:30,152
18/10/2006 19:45,131
18/10/2006 20:00,107
18/10/2006 20:15,110
18/10/2006 20:30,143
18/10/2006 20:45,110
18/10/2006 21:00,128
18/10/2006 21:15,120
18/10/2006 21:30,102
18/10/2006 21:45,101
18/10/2006 22:00,96
18/10/2006 22:15,72
18/10/2006 22:30,87
18/10/2006 22:45,62
18/10/2006 23:00,54
18/10/2006 23:15,44
18/10/2006 23:30,42
18/10/2006 23:45,44
19/10/2006 00:00,35
19/10/2006 00:15,24
19/10/2006 00:30,22
19/10/2006 00:45,13
19/10/2006 01:00,25
19/10/2006 01:15,13
19/10/2006 01:30,8
19/10/2006 01:45,20
19/10/2006 02:00,10
19/10/2006 02:15,10
19/10/2006 02:30,10
19/10/2006 02:45,11
19/10/2006 03:00,11
19/10/2006 03:15,10
19/10/2006 03:30,7
19/10/2006 03:45,7
19/10/2006 04:00,13
19/10/2006 04:15,14
19/10/2006 04:30,14
19/10/2006 04:45,22
19/10/2006 05:00,15
19/10/2006 05:15,26
19/10/2006 05:30,54
19/10/2006 05:45,73
19/10/2006 06:00,91
19/10/2006 06:15,134
19/10/2006 06:30,164
19/10/2006 06:45,233
19/10/2006 07:00,253
19/10/2006 07:15,355
19/10/2006 07:30,386
19/10/2006 07:45,401
19/10/2006 08:00,402
19/10/2006 08:15,357
19/10/2006 08:30,388
19/10/2006 08:45,336
19/10/2006 09:00,270
19/10/2006 09:15,266
19/10/2006 09:30,237
19/10/2006 09:45,213
19/10/2006 10:00,208
19/10/2006 10:15,195
19/10/2006 10:30,209
19/10/2006 10:45,195
19/10/2006 11:00,204
19/10/2006 11:15,191
19/10/2006 11:30,208
19/10/2006 11:45,210
19/10/2006 12:00,191
19/10/2006 12:15,190
19/10/2006 12:30,214
19/10/2006 12:45,171
19/10/2006 13:00,159
19/10/2006 13:15,193
19/10/2006 13:30,199
19/10/2006 13:45,178
19/10/2006 14:00,192
19/10/2006 14:15,211
19/10/2006 14:30,160
19/10/2006 14:45,190
19/10/2006 15:00,161
19/10/2006 15:15,146
19/10/2006 15:30,172
19/10/2006 15:45,198
19/10/2006 16:00,182
19/10/2006 16:15,184
19/10/2006 16:30,187
19/10/2006 16:45,180
19/10/2006 17:00,187
19/10/2006 17:15,198
19/10/2006 17:30,214
19/10/2006 17:45,224
19/10/2006 18:00,191
19/10/2006 18:15,215
19/10/2006 18:30,176
19/10/2006 18:45,172
19/10/2006 19:00,145
19/10/2006 19:15,162
19/10/2006 19:30,152
19/10/2006 19:45,166
19/10/2006 20:00,114
19/10/2006 20:15,102
19/10/2006 20:30,116
19/10/2006 20:45,131
19/10/2006 21:00,115
19/10/2006 21:15,117
19/10/2006 21:30,117
19/10/2006 21:45,106
19/10/2006 22:00,116
19/10/2006 22:15,88
19/10/2006 22:30,89
19/10/2006 22:45,95
19/10/2006 23:00,58
19/10/2006 23:15,57
19/10/2006 23:30,58
19/10/2006 23:45,44
20/10/2006 00:00,50
20/10/2006 00:15,40
20/10/2006 00:30,38
20/10/2006 00:45,34
20/10/2006 01:00,35
20/10/2006 01:15,40
20/10/2006 01:30,24
20/10/2006 01:45,32
20/10/2006 02:00,25
20/10/2006 02:15,17
20/10/2006 02:30,22
20/10/2006 02:45,17
20/10/2006 03:00,22
20/10/2006 03:15,20
20/10/2006 03:30,19
20/10/2006 03:45,17
20/10/2006 04:00,13
20/10/2006 04:15,10
20/10/2006 04:30,15
20/10/2006 04:45,18
20/10/2006 05:00,32
20/10/2006 05:15,30
20/10/2006 05:30,51
20/10/2006 05:45,68
20/10/2006 06:00,107
20/10/2006 06:15,137
20/10/2006 06:30,181
20/10/2006 06:45,216
20/10/2006 07:00,284
20/10/2006 07:15,342
20/10/2006 07:30,394
20/10/2006 07:45,431
20/10/2006 08:00,402
20/10/2006 08:15,393
20/10/2006 08:30,340
20/10/2006 08:45,319
20/10/2006 09:00,226
20/10/2006 09:15,268
20/10/2006 09:30,227
20/10/2006 09:45,242
20/10/2006 10:00,198
20/10/2006 10:15,175
20/10/2006 10:30,176
20/10/2006 10:45,199
20/10/2006 11:00,176
20/10/2006 11:15,199
20/10/2006 11:30,197
20/10/2006 11:45,193
20/10/2006 12:00,228
20/10/2006 12:15,167
20/10/2006 12:30,183
20/10/2006 12:45,193
20/10/2006 13:00,180
20/10/2006 13:15,195
20/10/2006 13:30,155
20/10/2006 13:45,172
20/10/2006 14:00,179
20/10/2006 14:15,188
20/10/2006 14:30,165
20/10/2006 14:45,172
20/10/2006 15:00,187
20/10/2006 15:15,183
20/10/2006 15:30,201
20/10/2006 15:45,164
20/10/2006 16:00,187
20/10/2006 16:15,208
20/10/2006 16:30,169
20/10/2006 16:45,192
20/10/2006 17:00,236
20/10/2006 17:15,214
20/10/2006 17:30,205
20/10/2006 17:45,201
20/10/2006 18:00,226
20/10/2006 18:15,195
20/10/2006 18:30,182
20/10/2006 18:45,161
20/10/2006 19:00,157
20/10/2006 19:15,148
20/10/2006 19:30,143
20/10/2006 19:45,124
20/10/2006 20:00,159
20/10/2006 20:15,152
20/10/2006 20:30,160
20/10/2006 20:45,147
20/10/2006 21:00,161
20/10/2006 21:15,161
20/10/2006 21:30,123
20/10/2006 21:45,128
20/10/2006 22:00,97
20/10/2006 22:15,101
20/10/2006 22:30,104
20/10/2006 22:45,126
20/10/2006 23:00,101
20/10/2006 23:15,100
20/10/2006 23:30,73
20/10/2006 23:45,82
21/10/2006 00:00,89
21/10/2006 00:15,106
21/10/2006 00:30,98
21/10/2006 00:45,68
21/10/2006 01:00,49
21/10/2006 01:15,47
21/10/2006 01:30,35
21/10/2006 01:45,38
21/10/2006 02:00,42
21/10/2006 02:15,26
21/10/2006 02:30,27
21/10/2006 02:45,34
21/10/2006 03:00,30
21/10/2006 03:15,22
21/10/2006 03:30,15
21/10/2006 03:45,21
21/10/2006 04:00,22
21/10/2006 04:15,11
21/10/2006 04:30,25
21/10/2006 04:45,18
21/10/2006 05:00,19
21/10/2006 05:15,15
21/10/2006 05:30,20
21/10/2006 05:45,27
21/10/2006 06:00,30
21/10/2006 06:15,57
21/10/2006 06:30,68
21/10/2006 06:45,86
21/10/2006 07:00,63
21/10/2006 07:15,84
21/10/2006 07:30,83
21/10/2006 07:45,105
21/10/2006 08:00,112
21/10/2006 08:15,104
21/10/2006 08:30,144
21/10/2006 08:45,172
21/10/2006 09:00,160
21/10/2006 09:15,177
21/10/2006 09:30,187
21/10/2006 09:45,193
21/10/2006 10:00,193
21/10/2006 10:15,189
21/10/2006 10:30,202
21/10/2006 10:45,85
21/10/2006 11:00,209
21/10/2006 11:15,195
21/10/2006 11:30,185
21/10/2006 11:45,188
21/10/2006 12:00,184
21/10/2006 12:15,198
21/10/2006 12:30,191
21/10/2006 12:45,197
21/10/2006 13:00,221
21/10/2006 13:15,199
21/10/2006 13:30,202
21/10/2006 13:45,182
21/10/2006 14:00,179
21/10/2006 14:15,179
21/10/2006 14:30,202
21/10/2006 14:45,198
21/10/2006 15:00,187
21/10/2006 15:15,172
21/10/2006 15:30,175
21/10/2006 15:45,161
21/10/2006 16:00,181
21/10/2006 16:15,146
21/10/2006 16:30,152
21/10/2006 16:45,176
21/10/2006 17:00,186
21/10/2006 17:15,158
21/10/2006 17:30,170
21/10/2006 17:45,160
21/10/2006 18:00,142
21/10/2006 18:15,159
21/10/2006 18:30,190
21/10/2006 18:45,176
21/10/2006 19:00,153
21/10/2006 19:15,154
21/10/2006 19:30,137
21/10/2006 19:45,73
21/10/2006 20:00,102
21/10/2006 20:15,110
21/10/2006 20:30,88
21/10/2006 20:45,108
21/10/2006 21:00,113
21/10/2006 21:15,112
21/10/2006 21:30,119
21/10/2006 21:45,95
21/10/2006 22:00,82
21/10/2006 22:15,98
21/10/2006 22:30,117
21/10/2006 22:45,80
21/10/2006 23:00,94
21/10/2006 23:15,90
21/10/2006 23:30,95
21/10/2006 23:45,104
22/10/2006 00:00,93
22/10/2006 00:15,80
22/10/2006 00:30,87
22/10/2006 00:45,57
22/10/2006 01:00,80
22/10/2006 01:15,57
22/10/2006 01:30,71
22/10/2006 01:45,52
22/10/2006 02:00,43
22/10/2006 02:15,45
22/10/2006 02:30,45
22/10/2006 02:45,47
22/10/2006 03:00,38
22/10/2006 03:15,36
22/10/2006 03:30,27
22/10/2006 03:45,36
22/10/2006 04:00,33
22/10/2006 04:15,22
22/10/2006 04:30,36
22/10/2006 04:45,30
22/10/2006 05:00,29
22/10/2006 05:15,21
22/10/2006 05:30,33
22/10/2006 05:45,26
22/10/2006 06:00,24
22/10/2006 06:15,32
22/10/2006 06:30,28
22/10/2006 06:45,40
22/10/2006 07:00,32
22/10/2006 07:15,49
22/10/2006 07:30,57
22/10/2006 07:45,47
22/10/2006 08:00,49
22/10/2006 08:15,55
22/10/2006 08:30,76
22/10/2006 08:45,91
22/10/2006 09:00,65
22/10/2006 09:15,143
22/10/2006 09:30,130
22/10/2006 09:45,49
22/10/2006 10:00,93
22/10/2006 10:15,69
22/10/2006 10:30,82
22/10/2006 10:45,109
22/10/2006 11:00,160
22/10/2006 11:15,172
22/10/2006 11:30,164
22/10/2006 11:45,141
22/10/2006 12:00,88
22/10/2006 12:15,171
22/10/2006 12:30,199
22/10/2006 12:45,205
22/10/2006 13:00,183
22/10/2006 13:15,178
22/10/2006 13:30,168
22/10/2006 13:45,160
22/10/2006 14:00,125
22/10/2006 14:15,161
22/10/2006 14:30,162
22/10/2006 14:45,170
22/10/2006 15:00,134
22/10/2006 15:15,171
22/10/2006 15:30,138
22/10/2006 15:45,173
22/10/2006 16:00,157
22/10/2006 16:15,157
22/10/2006 16:30,151
22/10/2006 16:45,173
22/10/2006 17:00,136
22/10/2006 17:15,114
22/10/2006 17:30,129
22/10/2006 17:45,146
22/10/2006 18:00,136
22/10/2006 18:15,125
22/10/2006 18:30,129
22/10/2006 18:45,118
22/10/2006 19:00,116
22/10/2006 19:15,105
22/10/2006 19:30,89
22/10/2006 19:45,95
22/10/2006 20:00,68
22/10/2006 20:15,88
22/10/2006 20:30,74
22/10/2006 20:45,81
22/10/2006 21:00,88
22/10/2006 21:15,82
22/10/2006 21:30,60
22/10/2006 21:45,65
22/10/2006 22:00,71
22/10/2006 22:15,68
22/10/2006 22:30,54
22/10/2006 22:45,54
22/10/2006 23:00,44
22/10/2006 23:15,47
22/10/2006 23:30,25
22/10/2006 23:45,29
23/10/2006 00:00,24
23/10/2006 00:15,20
23/10/2006 00:30,19
23/10/2006 00:45,12
23/10/2006 01:00,18
23/10/2006 01:15,14
23/10/2006 01:30,10
23/10/2006 01:45,9
23/10/2006 02:00,13
23/10/2006 02:15,9
23/10/2006 02:30,9
23/10/2006 02:45,5
23/10/2006 03:00,7
23/10/2006 03:15,7
23/10/2006 03:30,14
23/10/2006 03:45,13
23/10/2006 04:00,11
23/10/2006 04:15,12
23/10/2006 04:30,18
23/10/2006 04:45,19
23/10/2006 05:00,20
23/10/2006 05:15,33
23/10/2006 05:30,52
23/10/2006 05:45,71
23/10/2006 06:00,91
23/10/2006 06:15,105
23/10/2006 06:30,179
23/10/2006 06:45,206
23/10/2006 07:00,257
23/10/2006 07:15,333
23/10/2006 07:30,385
23/10/2006 07:45,442
23/10/2006 08:00,437
23/10/2006 08:15,441
23/10/2006 08:30,364
23/10/2006 08:45,336
23/10/2006 09:00,235
23/10/2006 09:15,257
23/10/2006 09:30,155
23/10/2006 09:45,215
23/10/2006 10:00,107
23/10/2006 10:15,115
23/10/2006 10:30,153
23/10/2006 10:45,92
23/10/2006 11:00,157
23/10/2006 11:15,177
23/10/2006 11:30,162
23/10/2006 11:45,166
23/10/2006 12:00,175
23/10/2006 12:15,161
23/10/2006 12:30,181
23/10/2006 12:45,195
23/10/2006 13:00,186
23/10/2006 13:15,178
23/10/2006 13:30,205
23/10/2006 13:45,183
23/10/2006 14:00,179
23/10/2006 14:15,150
23/10/2006 14:30,118
23/10/2006 14:45,154
23/10/2006 15:00,185
23/10/2006 15:15,176
23/10/2006 15:30,195
23/10/2006 15:45,167
23/10/2006 16:00,190
23/10/2006 16:15,177
23/10/2006 16:30,167
23/10/2006 16:45,163
23/10/2006 17:00,190
23/10/2006 17:15,181
23/10/2006 17:30,197
23/10/2006 17:45,206
23/10/2006 18:00,167
23/10/2006 18:15,181
23/10/2006 18:30,148
23/10/2006 18:45,154
23/10/2006 19:00,114
23/10/2006 19:15,124
23/10/2006 19:30,143
23/10/2006 19:45,120
23/10/2006 20:00,122
23/10/2006 20:15,110
23/10/2006 20:30,104
23/10/2006 20:45,102
23/10/2006 21:00,91
23/10/2006 21:15,72
23/10/2006 21:30,68
23/10/2006 21:45,71
23/10/2006 22:00,75
23/10/2006 22:15,44
23/10/2006 22:30,46
23/10/2006 22:45,53
23/10/2006 23:00,44
23/10/2006 23:15,27
23/10/2006 23:30,28
23/10/2006 23:45,22
24/10/2006 00:00,25
24/10/2006 00:15,11
24/10/2006 00:30,9
24/10/2006 00:45,14
24/10/2006 01:00,8
24/10/2006 01:15,14
24/10/2006 01:30,6
24/10/2006 01:45,10
24/10/2006 02:00,5
24/10/2006 02:15,9
24/10/2006 02:30,5
24/10/2006 02:45,9
24/10/2006 03:00,2
24/10/2006 03:15,10
24/10/2006 03:30,13
24/10/2006 03:45,7
24/10/2006 04:00,15
24/10/2006 04:15,7
24/10/2006 04:30,11
24/10/2006 04:45,18
24/10/2006 05:00,20
24/10/2006 05:15,23
24/10/2006 05:30,64
24/10/2006 05:45,85
24/10/2006 06:00,100
24/10/2006 06:15,124
24/10/2006 06:30,205
24/10/2006 06:45,234
24/10/2006 07:00,302
24/10/2006 07:15,328
24/10/2006 07:30,399
24/10/2006 07:45,414
24/10/2006 08:00,410
24/10/2006 08:15,414
24/10/2006 08:30,344
24/10/2006 08:45,368
24/10/2006 09:00,242
24/10/2006 09:15,254
24/10/2006 09:30,244
24/10/2006 09:45,199
24/10/2006 10:00,192
24/10/2006 10:15,156
24/10/2006 10:30,174
24/10/2006 10:45,187
24/10/2006 11:00,117
24/10/2006 11:15,119
24/10/2006 11:30,168
24/10/2006 11:45,163
24/10/2006 12:00,132
24/10/2006 12:15,183
24/10/2006 12:30,179
24/10/2006 12:45,180
24/10/2006 13:00,164
24/10/2006 13:15,191
24/10/2006 13:30,153
24/10/2006 13:45,177
24/10/2006 14:00,174
24/10/2006 14:15,156
24/10/2006 14:30,185
24/10/2006 14:45,182
24/10/2006 15:00,179
24/10/2006 15:15,176
24/10/2006 15:30,85
24/10/2006 15:45,163
24/10/2006 16:00,169
24/10/2006 16:15,197
24/10/2006 16:30,200
24/10/2006 16:45,163
24/10/2006 17:00,186
24/10/2006 17:15,204
24/10/2006 17:30,102
24/10/2006 17:45,239
24/10/2006 18:00,209
24/10/2006 18:15,181
24/10/2006 18:30,175
24/10/2006 18:45,161
24/10/2006 19:00,172
24/10/2006 19:15,134
24/10/2006 19:30,139
24/10/2006 19:45,130
24/10/2006 20:00,134
24/10/2006 20:15,123
24/10/2006 20:30,128
24/10/2006 20:45,110
24/10/2006 21:00,112
24/10/2006 21:15,90
24/10/2006 21:30,122
24/10/2006 21:45,113
24/10/2006 22:00,80
24/10/2006 22:15,64
24/10/2006 22:30,99
24/10/2006 22:45,68
24/10/2006 23:00,58
24/10/2006 23:15,45
24/10/2006 23:30,42
24/10/2006 23:45,46
25/10/2006 00:00,42
25/10/2006 00:15,29
25/10/2006 00:30,35
25/10/2006 00:45,21
25/10/2006 01:00,41
25/10/2006 01:15,27
25/10/2006 01:30,28
25/10/2006 01:45,30
25/10/2006 02:00,23
25/10/2006 02:15,20
25/10/2006 02:30,14
25/10/2006 02:45,15
25/10/2006 03:00,9
25/10/2006 03:15,14
25/10/2006 03:30,17
25/10/2006 03:45,5
25/10/2006 04:00,14
25/10/2006 04:15,15
25/10/2006 04:30,9
25/10/2006 04:45,18
25/10/2006 05:00,18
25/10/2006 05:15,30
25/10/2006 05:30,62
25/10/2006 05:45,84
25/10/2006 06:00,97
25/10/2006 06:15,114
25/10/2006 06:30,168
25/10/2006 06:45,224
25/10/2006 07:00,260
25/10/2006 07:15,328
25/10/2006 07:30,426
25/10/2006 07:45,402
25/10/2006 08:00,379
25/10/2006 08:15,358
25/10/2006 08:30,364
25/10/2006 08:45,353
25/10/2006 09:00,268
25/10/2006 09:15,256
25/10/2006 09:30,215
25/10/2006 09:45,233
25/10/2006 10:00,191
25/10/2006 10:15,190
25/10/2006 10:30,223
25/10/2006 10:45,199
25/10/2006 11:00,180
25/10/2006 11:15,178
25/10/2006 11:30,209
25/10/2006 11:45,200
25/10/2006 12:00,189
25/10/2006 12:15,180
25/10/2006 12:30,168
25/10/2006 12:45,194
25/10/2006 13:00,157
25/10/2006 13:15,184
25/10/2006 13:30,168
25/10/2006 13:45,190
25/10/2006 14:00,168
25/10/2006 14:15,202
25/10/2006 14:30,169
25/10/2006 14:45,194
25/10/2006 15:00,178
25/10/2006 15:15,197
25/10/2006 15:30,180
25/10/2006 15:45,190
25/10/2006 16:00,198
25/10/2006 16:15,136
25/10/2006 16:30,201
25/10/2006 16:45,185
25/10/2006 17:00,191
25/10/2006 17:15,209
25/10/2006 17:30,189
25/10/2006 17:45,224
25/10/2006 18:00,186
25/10/2006 18:15,203
25/10/2006 18:30,169
25/10/2006 18:45,169
25/10/2006 19:00,184
25/10/2006 19:15,148
25/10/2006 19:30,157
25/10/2006 19:45,127
25/10/2006 20:00,113
25/10/2006 20:15,129
25/10/2006 20:30,131
25/10/2006 20:45,116
25/10/2006 21:00,98
25/10/2006 21:15,105
25/10/2006 21:30,125
25/10/2006 21:45,106
25/10/2006 22:00,93
25/10/2006 22:15,55
25/10/2006 22:30,69
25/10/2006 22:45,66
25/10/2006 23:00,62
25/10/2006 23:15,40
25/10/2006 23:30,38
25/10/2006 23:45,31
26/10/2006 00:00,30
26/10/2006 00:15,29
26/10/2006 00:30,26
26/10/2006 00:45,17
26/10/2006 01:00,11
26/10/2006 01:15,12
26/10/2006 01:30,16
26/10/2006 01:45,12
26/10/2006 02:00,13
26/10/2006 02:15,11
26/10/2006 02:30,8
26/10/2006 02:45,6
26/10/2006 03:00,10
26/10/2006 03:15,10
26/10/2006 03:30,9
26/10/2006 03:45,7
26/10/2006 04:00,16
26/10/2006 04:15,13
26/10/2006 04:30,15
26/10/2006 04:45,16
26/10/2006 05:00,19
26/10/2006 05:15,30
26/10/2006 05:30,53
26/10/2006 05:45,81
26/10/2006 06:00,88
26/10/2006 06:15,146
26/10/2006 06:30,176
26/10/2006 06:45,220
26/10/2006 07:00,260
26/10/2006 07:15,350
26/10/2006 07:30,428
26/10/2006 07:45,447
26/10/2006 08:00,380
26/10/2006 08:15,412
26/10/2006 08:30,410
26/10/2006 08:45,306
26/10/2006 09:00,260
26/10/2006 09:15,238
26/10/2006 09:30,220
26/10/2006 09:45,215
26/10/2006 10:00,209
26/10/2006 10:15,205
26/10/2006 10:30,208
26/10/2006 10:45,184
26/10/2006 11:00,206
26/10/2006 11:15,122
26/10/2006 11:30,199
26/10/2006 11:45,186
26/10/2006 12:00,197
26/10/2006 12:15,189
26/10/2006 12:30,183
26/10/2006 12:45,213
26/10/2006 13:00,184
26/10/2006 13:15,196
26/10/2006 13:30,165
26/10/2006 13:45,181
26/10/2006 14:00,174
26/10/2006 14:15,194
26/10/2006 14:30,211
26/10/2006 14:45,179
26/10/2006 15:00,192
26/10/2006 15:15,198
26/10/2006 15:30,190
26/10/2006 15:45,173
26/10/2006 16:00,178
26/10/2006 16:15,182
26/10/2006 16:30,179
26/10/2006 16:45,181
26/10/2006 17:00,177
26/10/2006 17:15,178
26/10/2006 17:30,196
26/10/2006 17:45,207
26/10/2006 18:00,208
26/10/2006 18:15,180
26/10/2006 18:30,194
26/10/2006 18:45,167
26/10/2006 19:00,165
26/10/2006 19:15,172
26/10/2006 19:30,145
26/10/2006 19:45,137
26/10/2006 20:00,120
26/10/2006 20:15,127
26/10/2006 20:30,145
26/10/2006 20:45,125
26/10/2006 21:00,128
26/10/2006 21:15,99
26/10/2006 21:30,117
26/10/2006 21:45,110
26/10/2006 22:00,92
26/10/2006 22:15,96
26/10/2006 22:30,90
26/10/2006 22:45,76
26/10/2006 23:00,64
26/10/2006 23:15,65
26/10/2006 23:30,46
26/10/2006 23:45,47
27/10/2006 00:00,44
27/10/2006 00:15,38
27/10/2006 00:30,28
27/10/2006 00:45,31
27/10/2006 01:00,31
27/10/2006 01:15,22
27/10/2006 01:30,29
27/10/2006 01:45,19
27/10/2006 02:00,25
27/10/2006 02:15,14
27/10/2006 02:30,22
27/10/2006 02:45,18
27/10/2006 03:00,12
27/10/2006 03:15,14
27/10/2006 03:30,10
27/10/2006 03:45,7
27/10/2006 04:00,15
27/10/2006 04:15,10
27/10/2006 04:30,11
27/10/2006 04:45,19
27/10/2006 05:00,24
27/10/2006 05:15,31
27/10/2006 05:30,61
27/10/2006 05:45,76
27/10/2006 06:00,98
27/10/2006 06:15,120
27/10/2006 06:30,173
27/10/2006 06:45,243
27/10/2006 07:00,261
27/10/2006 07:15,360
27/10/2006 07:30,413
27/10/2006 07:45,401
27/10/2006 08:00,404
27/10/2006 08:15,409
27/10/2006 08:30,342
27/10/2006 08:45,338
27/10/2006 09:00,284
27/10/2006 09:15,213
27/10/2006 09:30,223
27/10/2006 09:45,213
27/10/2006 10:00,188
27/10/2006 10:15,205
27/10/2006 10:30,193
27/10/2006 10:45,221
27/10/2006 11:00,196
27/10/2006 11:15,199
27/10/2006 11:30,212
27/10/2006 11:45,175
27/10/2006 12:00,198
27/10/2006 12:15,193
27/10/2006 12:30,171
27/10/2006 12:45,186
27/10/2006 13:00,203
27/10/2006 13:15,200
27/10/2006 13:30,204
27/10/2006 13:45,182
27/10/2006 14:00,197
27/10/2006 14:15,159
27/10/2006 14:30,188
27/10/2006 14:45,179
27/10/2006 15:00,193
27/10/2006 15:15,164
27/10/2006 15:30,198
27/10/2006 15:45,154
27/10/2006 16:00,173
27/10/2006 16:15,176
27/10/2006 16:30,217
27/10/2006 16:45,175
27/10/2006 17:00,205
27/10/2006 17:15,204
27/10/2006 17:30,215
27/10/2006 17:45,228
27/10/2006 18:00,172
27/10/2006 18:15,187
27/10/2006 18:30,167
27/10/2006 18:45,178
27/10/2006 19:00,200
27/10/2006 19:15,168
27/10/2006 19:30,152
27/10/2006 19:45,156
27/10/2006 20:00,133
27/10/2006 20:15,106
27/10/2006 20:30,90
27/10/2006 20:45,99
27/10/2006 21:00,125
27/10/2006 21:15,144
27/10/2006 21:30,114
27/10/2006 21:45,106
27/10/2006 22:00,98
27/10/2006 22:15,109
27/10/2006 22:30,63
27/10/2006 22:45,83
27/10/2006 23:00,85
27/10/2006 23:15,89
27/10/2006 23:30,101
27/10/2006 23:45,75
28/10/2006 00:00,90
28/10/2006 00:15,61
28/10/2006 00:30,51
28/10/2006 00:45,56
28/10/2006 01:00,45
28/10/2006 01:15,65
28/10/2006 01:30,47
28/10/2006 01:45,59
28/10/2006 02:00,34
28/10/2006 02:15,36
28/10/2006 02:30,38
28/10/2006 02:45,27
28/10/2006 03:00,35
28/10/2006 03:15,28
28/10/2006 03:30,35
28/10/2006 03:45,21
28/10/2006 04:00,18
28/10/2006 04:15,20
28/10/2006 04:30,14
28/10/2006 04:45,15
28/10/2006 05:00,17
28/10/2006 05:15,23
28/10/2006 05:30,18
28/10/2006 05:45,37
28/10/2006 06:00,49
28/10/2006 06:15,30
28/10/2006 06:30,74
28/10/2006 06:45,80
28/10/2006 07:00,61
28/10/2006 07:15,83
28/10/2006 07:30,99
28/10/2006 07:45,114
28/10/2006 08:00,88
28/10/2006 08:15,137
28/10/2006 08:30,138
28/10/2006 08:45,182
28/10/2006 09:00,164
28/10/2006 09:15,164
28/10/2006 09:30,140
28/10/2006 09:45,211
28/10/2006 10:00,180
28/10/2006 10:15,203
28/10/2006 10:30,220
28/10/2006 10:45,186
28/10/2006 11:00,214
28/10/2006 11:15,189
28/10/2006 11:30,182
28/10/2006 11:45,185
28/10/2006 12:00,216
28/10/2006 12:15,224
28/10/2006 12:30,212
28/10/2006 12:45,201
28/10/2006 13:00,233
28/10/2006 13:15,205
28/10/2006 13:30,209
28/10/2006 13:45,92
28/10/2006 14:00,169
28/10/2006 14:15,183
28/10/2006 14:30,184
28/10/2006 14:45,186
28/10/2006 15:00,176
28/10/2006 15:15,203
28/10/2006 15:30,169
28/10/2006 15:45,173
28/10/2006 16:00,172
28/10/2006 16:15,154
28/10/2006 16:30,173
28/10/2006 16:45,185
28/10/2006 17:00,175
28/10/2006 17:15,172
28/10/2006 17:30,148
28/10/2006 17:45,151
28/10/2006 18:00,128
28/10/2006 18:15,137
28/10/2006 18:30,148
28/10/2006 18:45,166
28/10/2006 19:00,150
28/10/2006 19:15,165
28/10/2006 19:30,160
28/10/2006 19:45,139
28/10/2006 20:00,120
28/10/2006 20:15,130
28/10/2006 20:30,107
28/10/2006 20:45,112
28/10/2006 21:00,113
28/10/2006 21:15,135
28/10/2006 21:30,110
28/10/2006 21:45,74
28/10/2006 22:00,85
28/10/2006 22:15,127
28/10/2006 22:30,95
28/10/2006 22:45,88
28/10/2006 23:00,92
28/10/2006 23:15,78
28/10/2006 23:30,99
28/10/2006 23:45,100
29/10/2006 00:00,93
29/10/2006 00:15,84
29/10/2006 00:30,80
29/10/2006 00:45,43
29/10/2006 01:00,63
29/10/2006 01:15,53
29/10/2006 01:30,64
29/10/2006 01:45,0
29/10/2006 02:00,0
29/10/2006 02:15,0
29/10/2006 02:30,0
29/10/2006 02:45,51
29/10/2006 03:00,44
29/10/2006 03:15,50
29/10/2006 03:30,32
29/10/2006 03:45,41
29/10/2006 04:00,48
29/10/2006 04:15,42
29/10/2006 04:30,39
29/10/2006 04:45,29
29/10/2006 05:00,31
29/10/2006 05:15,34
29/10/2006 05:30,34
29/10/2006 05:45,36
29/10/2006 06:00,34
29/10/2006 06:15,27
29/10/2006 06:30,51
29/10/2006 06:45,41
29/10/2006 07:00,37
29/10/2006 07:15,38
29/10/2006 07:30,48
29/10/2006 07:45,51
29/10/2006 08:00,55
29/10/2006 08:15,61
29/10/2006 08:30,70
29/10/2006 08:45,85
29/10/2006 09:00,125
29/10/2006 09:15,114
29/10/2006 09:30,138
29/10/2006 09:45,140
29/10/2006 10:00,122
29/10/2006 10:15,122
29/10/2006 10:30,120
29/10/2006 10:45,139
29/10/2006 11:00,158
29/10/2006 11:15,156
29/10/2006 11:30,159
29/10/2006 11:45,166
29/10/2006 12:00,185
29/10/2006 12:15,182
29/10/2006 12:30,163
29/10/2006 12:45,211
29/10/2006 13:00,180
29/10/2006 13:15,184
29/10/2006 13:30,161
29/10/2006 13:45,180
29/10/2006 14:00,180
29/10/2006 14:15,181
29/10/2006 14:30,155
29/10/2006 14:45,173
29/10/2006 15:00,187
29/10/2006 15:15,174
29/10/2006 15:30,166
29/10/2006 15:45,169
29/10/2006 16:00,134
29/10/2006 16:15,108
29/10/2006 16:30,151
29/10/2006 16:45,77
29/10/2006 17:00,149
29/10/2006 17:15,150
29/10/2006 17:30,129
29/10/2006 17:45,132
29/10/2006 18:00,158
29/10/2006 18:15,116
29/10/2006 18:30,110
29/10/2006 18:45,123
29/10/2006 19:00,95
29/10/2006 19:15,90
29/10/2006 19:30,95
29/10/2006 19:45,88
29/10/2006 20:00,80
29/10/2006 20:15,93
29/10/2006 20:30,121
29/10/2006 20:45,86
29/10/2006 21:00,85
29/10/2006 21:15,103
29/10/2006 21:30,70
29/10/2006 21:45,81
29/10/2006 22:00,55
29/10/2006 22:15,59
29/10/2006 22:30,57
29/10/2006 22:45,66
29/10/2006 23:00,44
29/10/2006 23:15,53
29/10/2006 23:30,49
29/10/2006 23:45,40
30/10/2006 00:00,36
30/10/2006 00:15,22
30/10/2006 00:30,22
30/10/2006 00:45,9
30/10/2006 01:00,13
30/10/2006 01:15,20
30/10/2006 01:30,12
30/10/2006 01:45,15
30/10/2006 02:00,6
30/10/2006 02:15,14
30/10/2006 02:30,9
30/10/2006 02:45,9
30/10/2006 03:00,3
30/10/2006 03:15,5
30/10/2006 03:30,12
30/10/2006 03:45,11
30/10/2006 04:00,8
30/10/2006 04:15,7
30/10/2006 04:30,12
30/10/2006 04:45,19
30/10/2006 05:00,15
30/10/2006 05:15,27
30/10/2006 05:30,54
30/10/2006 05:45,58
30/10/2006 06:00,79
30/10/2006 06:15,97
30/10/2006 06:30,163
30/10/2006 06:45,206
30/10/2006 07:00,277
30/10/2006 07:15,300
30/10/2006 07:30,397
30/10/2006 07:45,422
30/10/2006 08:00,403
30/10/2006 08:15,390
30/10/2006 08:30,347
30/10/2006 08:45,333
30/10/2006 09:00,258
30/10/2006 09:15,256
30/10/2006 09:30,219
30/10/2006 09:45,180
30/10/2006 10:00,190
30/10/2006 10:15,181
30/10/2006 10:30,165
30/10/2006 10:45,195
30/10/2006 11:00,171
30/10/2006 11:15,187
30/10/2006 11:30,189
30/10/2006 11:45,147
30/10/2006 12:00,192
30/10/2006 12:15,176
30/10/2006 12:30,171
30/10/2006 12:45,189
30/10/2006 13:00,171
30/10/2006 13:15,169
30/10/2006 13:30,170
30/10/2006 13:45,185
30/10/2006 14:00,176
30/10/2006 14:15,178
30/10/2006 14:30,177
30/10/2006 14:45,179
30/10/2006 15:00,187
30/10/2006 15:15,184
30/10/2006 15:30,166
30/10/2006 15:45,164
30/10/2006 16:00,184
30/10/2006 16:15,199
30/10/2006 16:30,190
30/10/2006 16:45,174
30/10/2006 17:00,172
30/10/2006 17:15,217
30/10/2006 17:30,191
30/10/2006 17:45,203
30/10/2006 18:00,195
30/10/2006 18:15,159
30/10/2006 18:30,141
30/10/2006 18:45,125
30/10/2006 19:00,145
30/10/2006 19:15,121
30/10/2006 19:30,154
30/10/2006 19:45,100
30/10/2006 20:00,89
30/10/2006 20:15,92
30/10/2006 20:30,93
30/10/2006 20:45,98
30/10/2006 21:00,89
30/10/2006 21:15,79
30/10/2006 21:30,93
30/10/2006 21:45,73
30/10/2006 22:00,65
30/10/2006 22:15,53
30/10/2006 22:30,61
30/10/2006 22:45,43
30/10/2006 23:00,52
30/10/2006 23:15,37
30/10/2006 23:30,31
30/10/2006 23:45,24
31/10/2006 00:00,27
31/10/2006 00:15,28
31/10/2006 00:30,9
31/10/2006 00:45,15
31/10/2006 01:00,13
31/10/2006 01:15,16
31/10/2006 01:30,9
31/10/2006 01:45,11
31/10/2006 02:00,7
31/10/2006 02:15,15
31/10/2006 02:30,10
31/10/2006 02:45,7
31/10/2006 03:00,6
31/10/2006 03:15,7
31/10/2006 03:30,10
31/10/2006 03:45,11
31/10/2006 04:00,10
31/10/2006 04:15,12
31/10/2006 04:30,19
31/10/2006 04:45,19
31/10/2006 05:00,15
31/10/2006 05:15,25
31/10/2006 05:30,47
31/10/2006 05:45,67
31/10/2006 06:00,91
31/10/2006 06:15,105
31/10/2006 06:30,169
31/10/2006 06:45,215
31/10/2006 07:00,282
31/10/2006 07:15,320
31/10/2006 07:30,382
31/10/2006 07:45,421
31/10/2006 08:00,426
31/10/2006 08:15,390
31/10/2006 08:30,374
31/10/2006 08:45,361
31/10/2006 09:00,276
31/10/2006 09:15,231
31/10/2006 09:30,223
31/10/2006 09:45,202
31/10/2006 10:00,212
31/10/2006 10:15,179
31/10/2006 10:30,175
31/10/2006 10:45,160
31/10/2006 11:00,192
31/10/2006 11:15,195
31/10/2006 11:30,186
31/10/2006 11:45,186
31/10/2006 12:00,183
31/10/2006 12:15,187
31/10/2006 12:30,177
31/10/2006 12:45,195
31/10/2006 13:00,189
31/10/2006 13:15,185
31/10/2006 13:30,180
31/10/2006 13:45,174
31/10/2006 14:00,169
31/10/2006 14:15,159
31/10/2006 14:30,184
31/10/2006 14:45,168
31/10/2006 15:00,172
31/10/2006 15:15,191
31/10/2006 15:30,168
31/10/2006 15:45,175
31/10/2006 16:00,158
31/10/2006 16:15,167
31/10/2006 16:30,189
31/10/2006 16:45,193
31/10/2006 17:00,187
31/10/2006 17:15,202
31/10/2006 17:30,202
31/10/2006 17:45,221
31/10/2006 18:00,191
31/10/2006 18:15,151
31/10/2006 18:30,181
31/10/2006 18:45,151
31/10/2006 19:00,150
31/10/2006 19:15,158
31/10/2006 19:30,128
31/10/2006 19:45,134
31/10/2006 20:00,110
31/10/2006 20:15,114
31/10/2006 20:30,110
31/10/2006 20:45,101
31/10/2006 21:00,89
31/10/2006 21:15,98
31/10/2006 21:30,96
31/10/2006 21:45,92
31/10/2006 22:00,97
31/10/2006 22:15,84
31/10/2006 22:30,58
31/10/2006 22:45,76
31/10/2006 23:00,77
31/10/2006 23:15,48
31/10/2006 23:30,21
31/10/2006 23:45,34
